,player,span,mat,wickets,econ,start_year,end_year,career_length
0,DJ Bravo,2007-2024,433,496,8.42,2007,2024,18
1,SP Narine,2011-2024,406,440,6.08,2011,2024,14
2,Rashid Khan,2016-2025,311,407,6.48,2016,2025,10
3,AD Russell,2012-2025,388,360,8.73,2012,2025,14
4,Shakib Al Hasan,2007-2024,308,330,6.88,2007,2024,18
5,PP Chawla,2007-2024,293,316,7.56,2007,2024,18
6,Imran Tahir,2013-2025,226,303,6.92,2013,2025,13
7,A Mishra,2007-2024,253,277,7.19,2007,2024,18
8,YS Chahal,2009-2024,236,274,7.42,2009,2024,16
9,R Ashwin,2007-2024,282,268,7.06,2007,2024,18
10,SL Malinga,2007-2019,195,263,7.11,2007,2019,13
11,JJ Bumrah,2013-2024,181,232,6.97,2013,2024,12
12,JD Unadkat,2010-2024,192,226,8.03,2010,2024,15
13,B Kumar,2009-2024,219,225,7.31,2009,2024,16
14,Mohammad Amir,2009-2024,189,223,7.1,2009,2024,16
15,Harbhajan Singh,2007-2021,251,222,6.86,2007,2021,15
16,A Zampa,2012-2025,179,221,7.32,2012,2025,14
17,HV Patel,2011-2024,173,213,8.23,2011,2024,14
18,Sandeep Sharma,2013-2024,193,213,7.56,2013,2024,12
19,Mustafizur Rahman,2015-2025,176,210,7.59,2015,2025,11
20,AJ Tye,2014-2025,153,209,8.19,2014,2025,12
21,Wahab Riaz,2014-2023,164,209,7.75,2014,2023,10
22,Sohail Tanvir,2007-2022,187,197,7.17,2007,2022,16
23,RA Jadeja,2007-2024,289,194,7.68,2007,2024,18
24,Mohammed Shami,2010-2024,156,194,8.06,2010,2024,15
25,KA Pollard,2009-2024,493,194,8.52,2009,2024,16
26,TA Boult,2014-2025,159,192,7.85,2014,2025,12
27,Mohammad Nabi,2010-2025,231,191,6.9,2010,2025,16
28,UT Yadav,2009-2024,185,190,8.3,2009,2024,16
29,Imad Wasim,2016-2024,210,181,6.63,2016,2024,9
30,R Vinay Kumar,2007-2019,170,181,7.86,2007,2019,13
31,SR Watson,2007-2020,297,180,8.04,2007,2020,14
32,AR Patel,2013-2024,215,179,6.99,2013,2024,12
33,S Kaul,2012-2023,142,178,7.65,2012,2023,12
34,K Rabada,2016-2025,130,177,8.25,2016,2025,10
35,SA Abbott,2011-2025,127,176,8.52,2011,2025,15
36,Shahid Afridi,2007-2022,166,176,6.96,2007,2022,16
37,NLTC Perera,2009-2025,249,175,8.63,2009,2025,17
38,Shadab Khan,2017-2024,148,175,7.23,2017,2024,8
39,JP Behrendorff,2012-2025,138,174,7.45,2012,2025,14
40,KK Cooper,2011-2018,140,172,7.4,2011,2018,8
41,JP Faulkner,2011-2022,153,172,8.14,2011,2022,12
42,Fawad Ahmed,2013-2023,166,169,6.99,2013,2023,11
43,DW Steyn,2008-2021,156,167,6.94,2008,2021,14
44,JO Holder,2013-2025,179,166,8.19,2013,2025,13
45,CJ Jordan,2014-2025,155,166,8.77,2014,2025,12
46,KW Richardson,2011-2025,135,163,7.96,2011,2025,15
47,Mujeeb Ur Rahman,2017-2025,151,162,6.62,2017,2025,9
48,MM Sharma,2013-2024,160,162,8.44,2013,2024,12
49,SN Thakur,2015-2024,150,162,8.91,2015,2024,10
50,Taskin Ahmed,2013-2025,120,161,7.84,2013,2025,13
51,DT Christian,2010-2025,221,158,8.26,2010,2025,16
52,NM Coulter-Nile,2011-2024,132,158,7.52,2011,2024,14
53,CJ Green,2015-2025,194,157,6.85,2015,2025,11
54,KV Sharma,2007-2024,178,154,7.69,2007,2024,18
55,PP Ojha,2007-2018,139,153,7.24,2007,2018,12
56,PW Hasaranga,2017-2024,100,152,6.86,2017,2024,8
57,DS Kulkarni,2007-2023,160,151,7.88,2007,2023,17
58,CR Brathwaite,2013-2024,168,149,8.28,2013,2024,12
59,IK Pathan,2007-2020,165,149,7.58,2007,2020,14
60,BJ Dwarshuis,2014-2025,117,148,8.12,2014,2025,12
61,Mohammed Siraj,2016-2024,129,148,8.23,2016,2024,9
62,Hasan Ali,2016-2024,112,147,7.95,2016,2024,9
63,Haris Rauf,2018-2024,118,146,8.3,2018,2024,7
64,I Sharma,2007-2024,163,145,7.78,2007,2024,18
65,B Laughlin,2011-2021,127,144,8.13,2011,2021,11
66,A Nehra,2008-2017,115,143,7.62,2008,2017,10
67,R Rampaul,2007-2022,110,143,8.0,2007,2022,16
68,RP Singh,2007-2016,130,143,7.48,2007,2016,10
69,DL Chahar,2010-2024,127,142,7.66,2010,2024,15
70,Kuldeep Yadav,2014-2024,126,141,7.69,2014,2024,11
71,D Wiese,2012-2025,160,140,8.19,2012,2025,14
72,P Kumar,2007-2018,168,136,7.45,2007,2018,12
73,Shaheen Shah Afridi,2018-2025,96,135,7.75,2018,2025,8
74,AB Dinda,2008-2021,137,134,7.71,2008,2021,14
75,Naveen-ul-Haq,2019-2025,122,134,8.58,2019,2025,7
76,DR Sams,2017-2025,110,134,8.6,2017,2025,9
77,CH Morris,2012-2021,109,132,7.96,2012,2021,10
78,Arshdeep Singh,2019-2024,105,131,8.44,2019,2024,6
79,Z Khan,2007-2017,128,130,7.51,2007,2017,11
80,KH Pandya,2013-2024,188,130,7.12,2013,2024,12
81,RD Chahar,2017-2024,121,129,7.48,2017,2024,8
82,RR Emrit,2012-2020,120,129,7.73,2012,2020,9
83,KK Ahmed,2017-2024,96,128,8.34,2017,2024,8
84,A Nortje,2020-2024,88,128,7.85,2020,2024,5
85,L Balaji,2008-2014,103,125,7.76,2008,2014,7
86,AS Joseph,2016-2024,107,125,8.37,2016,2024,9
87,S Nadeem,2007-2023,150,125,6.76,2007,2023,17
88,S Gopal,2014-2024,104,124,7.48,2014,2024,11
89,Avesh Khan,2017-2024,100,123,8.35,2017,2024,8
90,PJ Cummins,2011-2024,116,122,8.52,2011,2024,14
91,RP Meredith,2018-2025,96,122,8.4,2018,2025,8
92,T Shamsi,2015-2025,101,121,7.66,2015,2025,11
93,MA Starc,2011-2024,87,121,8.16,2011,2024,14
94,HH Pandya,2013-2024,197,120,8.43,2013,2024,12
95,PM Siddle,2009-2025,101,119,7.53,2009,2025,17
96,M Morkel,2007-2021,107,118,7.7,2007,2021,15
97,Rubel Hossain,2009-2025,97,118,8.13,2009,2025,17
98,MP Stoinis,2012-2025,241,118,9.12,2012,2025,14
99,JC Archer,2017-2024,92,117,7.46,2017,2024,8
100,R Dhawan,2007-2024,134,117,7.58,2007,2024,18
101,M Muralidaran,2008-2014,111,117,6.38,2008,2014,7
102,TU Deshpande,2015-2024,80,116,8.53,2015,2024,10
103,AJ Hosein,2014-2025,126,116,6.77,2014,2025,12
104,JA Morkel,2007-2018,140,116,8.13,2007,2018,12
105,Faheem Ashraf,2018-2025,100,115,8.22,2018,2025,8
106,MG Neser,2011-2025,104,115,8.49,2011,2025,15
107,Ravi Bishnoi,2019-2024,105,115,7.22,2019,2024,6
108,S Badree,2009-2018,119,114,6.5,2009,2018,10
109,SW Tait,2010-2017,87,114,7.99,2010,2017,8
110,CJ Boyce,2012-2025,105,113,7.55,2012,2025,14
111,Noor Ahmad,2020-2025,99,112,7.09,2020,2025,6
112,K Santokie,2013-2020,82,112,7.7,2013,2020,8
113,R Bhatia,2007-2019,146,111,7.19,2007,2019,13
114,BCJ Cutting,2012-2024,182,111,9.0,2012,2024,13
115,Mashrafe Mortaza,2007-2024,134,111,7.24,2007,2024,18
116,M Theekshana,2020-2025,105,111,6.95,2020,2025,6
117,Mohammad Nawaz (3),2016-2025,135,110,7.59,2016,2025,10
118,SNJ O'Keefe,2010-2024,115,110,6.59,2010,2024,15
119,NT Ellis,2018-2025,92,109,8.23,2018,2025,8
120,JH Kallis,2008-2016,160,109,7.56,2008,2016,9
121,LI Meriwala,2013-2024,72,109,7.23,2013,2024,12
122,M Ashwin,2016-2024,110,108,7.31,2016,2024,9
123,Mohammad Sami,2010-2019,94,108,6.95,2010,2019,10
124,DE Bollinger,2009-2017,100,107,7.65,2009,2017,9
125,A Choudhary,2013-2024,83,107,7.38,2013,2024,12
126,WD Parnell,2009-2024,93,106,7.89,2009,2024,16
127,S Lamichhane,2018-2024,89,105,6.95,2018,2024,7
128,MJ McClenaghan,2010-2020,98,105,8.61,2010,2020,11
129,GJ Maxwell,2010-2025,301,105,7.82,2010,2025,16
130,AS Rajpoot,2013-2021,87,105,7.75,2013,2021,9
131,JA Richardson,2016-2025,79,105,7.9,2016,2025,10
132,CV Varun,2019-2024,91,105,7.43,2019,2024,6
133,KOK Williams,2016-2022,87,105,8.62,2016,2022,7
134,MG Johnson,2007-2018,95,104,7.67,2007,2018,12
135,CV Milind,2013-2024,73,104,7.52,2013,2024,12
136,DP Nannes,2009-2015,94,104,7.19,2009,2015,7
137,PJ Sangwan,2007-2023,102,104,7.7,2007,2023,17
138,MT Steketee,2014-2025,78,104,8.94,2014,2025,12
139,SK Trivedi,2007-2015,103,103,7.68,2007,2015,9
140,S Aravind,2007-2018,83,102,7.79,2007,2018,12
141,MM Ali,2013-2025,156,101,7.37,2013,2025,13
142,D Pretorius,2012-2025,90,101,8.51,2012,2025,14
143,Al-Amin Hossain,2012-2025,99,99,8.97,2012,2025,14
144,Arafat Sunny,2012-2025,106,99,7.01,2012,2025,14
145,MM Patel,2008-2020,96,99,6.91,2008,2020,13
146,R Shepherd,2018-2024,102,99,8.76,2018,2024,7
147,TG Southee,2010-2024,91,99,8.11,2010,2024,15
148,GB Hogg,2011-2018,113,98,6.95,2011,2018,8
149,MS Gony,2008-2020,91,97,7.71,2008,2020,13
150,T Natarajan,2017-2024,91,97,8.49,2017,2024,8
151,SS Cottrell,2013-2023,85,96,7.85,2013,2023,11
152,J Botha,2009-2021,144,95,6.9,2009,2021,13
153,P Negi,2011-2021,118,95,7.46,2011,2021,11
154,OC McCoy,2017-2024,87,94,8.72,2017,2024,8
155,VR Aaron,2009-2022,94,93,8.51,2009,2022,14
156,M Markande,2018-2024,86,92,7.8,2018,2024,7
157,YK Pathan,2007-2019,262,92,7.5,2007,2019,13
158,Mohammad Saifuddin,2016-2025,73,91,8.01,2016,2025,10
159,Basil Thampi,2014-2024,88,90,8.35,2014,2024,11
160,JR Hazlewood,2011-2024,71,89,7.38,2011,2024,14
161,SR Patel,2012-2024,108,89,6.91,2012,2024,13
162,AA Sheth,2015-2024,63,89,7.99,2015,2024,10
163,SM Curran,2019-2024,89,88,9.37,2019,2024,6
164,Qais Ahmad,2018-2023,74,87,7.77,2018,2023,6
165,Yash Thakur,2019-2024,62,87,8.11,2019,2024,6
166,MC Henriques,2009-2025,220,86,8.01,2009,2025,17
167,Iqbal Abdulla,2007-2021,104,86,6.86,2007,2021,15
168,B Lee,2007-2015,97,86,7.15,2007,2015,9
169,JM Bird,2012-2025,87,85,7.39,2012,2025,14
170,M Jansen,2021-2025,73,85,8.13,2021,2025,5
171,I Udana,2009-2024,87,85,8.76,2009,2024,16
172,Bipul Sharma,2007-2021,105,84,6.23,2007,2021,15
173,Shafiul Islam,2010-2025,87,84,8.57,2010,2025,16
174,CV Stephen,2015-2024,49,84,6.95,2015,2024,10
175,RE van der Merwe,2009-2023,88,83,6.89,2009,2023,15
176,Mahedi Hasan,2016-2025,98,81,7.16,2016,2025,10
177,Mohammad Irfan,2015-2024,87,81,6.98,2015,2024,10
178,WA Agar,2017-2025,64,80,9.13,2017,2025,9
179,Mehidy Hasan Miraz,2016-2025,112,80,7.57,2016,2025,10
180,Mohsin Khan,2018-2024,62,80,7.6,2018,2024,7
181,DG Nalkande,2019-2024,51,80,8.31,2019,2024,6
182,Mohammad Hasnain,2019-2025,63,79,8.82,2019,2025,7
183,Shoaib Malik,2007-2024,314,79,6.96,2007,2024,18
184,Usama Mir,2016-2025,65,79,7.99,2016,2025,10
185,Abu Hider,2015-2025,76,78,8.32,2015,2025,11
186,AN Ahmed,2007-2021,80,78,7.53,2007,2021,15
187,LH Ferguson,2017-2025,67,78,8.23,2017,2025,9
188,TS Mills,2016-2024,64,78,8.52,2016,2024,9
189,TS Rogers,2017-2025,61,78,8.42,2017,2025,9
190,S Sandeep Warrier,2013-2024,83,78,7.34,2013,2024,12
191,P Awana,2010-2016,59,77,7.49,2010,2016,7
192,TK Curran,2018-2025,61,77,8.91,2018,2025,8
193,Harpreet Brar,2019-2024,88,77,7.29,2019,2024,6
194,BW Hilfenhaus,2011-2017,66,77,7.88,2011,2017,7
195,PP Jaswal,2014-2023,60,77,7.62,2014,2023,10
196,GS Sandhu,2012-2025,78,77,8.09,2012,2025,14
197,DL Vettori,2007-2015,92,77,6.5,2007,2015,9
198,SB Wagh,2007-2021,63,77,7.21,2007,2021,15
199,Mohammad Hafeez,2007-2023,185,76,6.58,2007,2023,17
200,Naseem Shah,2020-2024,70,76,7.44,2020,2024,5
201,JDS Neesham,2013-2025,107,76,8.89,2013,2025,13
202,AU Rashid,2009-2024,70,76,7.42,2009,2024,16
203,SM Boland,2014-2024,62,75,8.41,2014,2024,11
204,Mohammad Wasim (1),2021-2025,61,75,8.95,2021,2025,5
205,R Sai Kishore,2018-2024,66,75,5.96,2018,2024,7
206,Jalaj S Saxena,2009-2024,71,75,6.62,2009,2024,16
207,R Shukla,2009-2023,64,75,8.24,2009,2023,15
208,AC Thomas,2009-2014,66,75,7.21,2009,2014,6
209,K Gowtham,2011-2024,92,74,7.18,2011,2024,14
210,J Suchith,2014-2024,86,74,7.44,2014,2024,11
211,N Thushara,2020-2024,52,74,8.46,2020,2024,5
212,RS Bopara,2009-2022,169,73,7.54,2009,2022,14
213,SB Jakati,2007-2018,91,73,7.68,2007,2018,12
214,Mahmudullah,2007-2025,197,73,7.17,2007,2025,19
215,DJG Sammy,2009-2020,220,73,8.41,2009,2020,12
216,Swapnil Singh,2007-2024,89,73,7.31,2007,2024,18
217,Washington Sundar,2017-2024,100,73,6.92,2017,2024,8
218,AC Agar,2013-2025,107,72,7.25,2013,2025,13
219,Azhar Mahmood,2012-2016,57,72,7.66,2012,2016,5
220,STR Binny,2009-2021,147,72,7.51,2009,2021,13
221,M Prasidh Krishna,2018-2023,76,72,8.43,2018,2023,6
222,MJ Swepson,2016-2025,87,72,7.66,2016,2025,10
223,Farhad Reza,2007-2023,89,71,8.69,2007,2023,17
224,Shoriful Islam,2019-2025,62,71,9.05,2019,2025,7
225,DJ Willey,2015-2024,66,71,7.57,2015,2024,10
226,FH Edwards,2007-2021,68,70,8.08,2007,2021,15
227,R Sharma,2009-2014,69,70,7.12,2009,2014,6
228,OF Smith,2017-2024,74,70,9.9,2017,2024,8
229,PV Tambe,2013-2020,64,70,6.92,2013,2020,8
230,SS Bachhav,2016-2024,53,69,6.7,2016,2024,9
231,A Mithun,2009-2021,74,69,8.41,2009,2021,13
232,R Tewatia,2014-2024,154,69,7.4,2014,2024,11
233,IC Pandey,2013-2021,71,68,7.07,2013,2021,9
234,Khaled Ahmed,2017-2025,55,68,8.57,2017,2025,9
235,SK Warne,2008-2013,70,68,7.26,2008,2013,6
236,Abu Jayed,2015-2025,61,67,8.36,2015,2025,11
237,M Pathirana,2022-2025,46,67,8.21,2022,2025,4
238,FA Allen,2017-2024,99,66,8.07,2017,2024,8
239,JK Lalor,2012-2022,65,66,8.4,2012,2022,11
240,KMA Paul,2017-2024,110,66,9.56,2017,2024,8
241,Shahbaz Ahmed,2019-2024,104,66,7.71,2019,2024,6
242,O Thomas,2016-2024,53,66,8.92,2016,2024,9
243,MJ Dagar,2017-2024,66,65,6.79,2017,2024,8
244,MR Marsh,2010-2025,139,65,8.65,2010,2025,16
245,Nazmul Islam,2012-2025,89,65,7.65,2012,2025,14
246,Ali Khan,2016-2024,62,64,8.71,2016,2024,9
247,Anureet Singh,2009-2021,71,64,8.2,2009,2021,13
248,PL Das,2007-2021,56,64,7.29,2007,2021,15
249,Hasan Mahmud,2019-2025,61,64,8.27,2019,2025,7
250,Junaid Khan,2014-2020,53,64,7.65,2014,2020,7
251,P Prasanth,2007-2018,49,64,6.26,2007,2018,12
252,T Ravi Teja,2017-2024,42,64,7.77,2017,2024,8
253,C Sakariya,2019-2023,44,64,7.66,2019,2023,5
254,Salman Irshad,2018-2025,51,64,9.07,2018,2025,8
255,Umar Gul,2007-2018,44,64,7.62,2007,2018,12
256,Ankit Sharma,2010-2024,80,63,7.47,2010,2024,15
257,H Kerr,2019-2025,61,63,8.26,2019,2025,7
258,IS Sodhi,2014-2024,48,63,7.47,2014,2024,11
259,SM Fallah,2009-2021,58,62,7.37,2009,2021,13
260,AK Karnewar,2016-2023,64,62,6.5,2016,2023,8
261,DA Jadeja,2014-2024,69,61,6.91,2014,2024,11
262,Joginder Sharma,2007-2017,63,61,7.06,2007,2017,11
263,Kamrul Islam Rabbi,2015-2025,60,61,9.25,2015,2025,11
264,CJ McKay,2009-2017,51,61,7.86,2009,2017,9
265,AD Mathews,2009-2024,126,61,7.51,2009,2024,16
266,BAW Mendis,2008-2016,49,61,7.02,2008,2016,9
267,AR Nagwaswalla,2019-2024,39,61,7.46,2019,2024,6
268,Taijul Islam,2012-2025,79,61,7.26,2012,2025,14
269,XC Bartlett,2020-2025,49,60,8.49,2020,2025,6
270,SS Ghosh,2014-2024,41,60,7.48,2014,2024,11
271,N McAndrew,2016-2025,68,60,8.8,2016,2025,10
272,NA Saini,2016-2023,74,60,7.7,2016,2023,8
273,B Stanlake,2015-2025,65,60,8.18,2015,2025,11
274,Zaman Khan,2022-2024,48,60,8.55,2022,2024,3
275,LA Dawson,2012-2025,80,59,7.49,2012,2025,14
276,MB Murasingh,2009-2024,73,59,7.41,2009,2024,16
277,L Ngidi,2018-2025,44,59,8.73,2018,2025,8
278,Parvez Rasool,2011-2022,70,59,6.46,2011,2022,12
279,Sohag Gazi,2012-2025,73,59,7.57,2012,2025,14
280,Usman Shinwari,2017-2022,55,59,8.19,2017,2022,6
281,JW Hastings,2010-2018,50,58,7.84,2010,2018,9
282,KA Maharaj,2014-2025,65,58,7.42,2014,2025,12
283,DW Misal,2013-2024,73,58,7.11,2013,2024,12
284,KV Sasikanth,2015-2024,54,58,8.23,2015,2024,10
285,Tanvir Islam,2017-2025,57,58,7.31,2017,2025,9
286,JE Taylor,2009-2019,61,58,8.67,2009,2019,11
287,DJ Worrall,2014-2024,59,58,7.77,2014,2024,11
288,A Ashish Reddy,2009-2019,77,57,8.01,2009,2019,11
289,SZ Mulani,2018-2024,51,57,6.96,2018,2024,7
290,RA Reifer,2013-2024,83,57,8.92,2013,2024,12
291,Yuvraj Singh,2007-2019,198,57,7.6,2007,2019,13
292,RL Chase,2018-2024,71,56,6.69,2018,2024,7
293,K Pierre,2017-2024,60,56,6.96,2017,2024,8
294,RP Dahiya,2009-2018,46,55,7.81,2009,2018,10
295,N Pradeep,2018-2024,38,55,9.51,2018,2024,7
296,CS Jani,2013-2024,65,55,7.55,2013,2024,12
297,M Kelly,2018-2025,39,55,8.11,2018,2025,8
298,Saeed Ajmal,2009-2017,44,55,7.08,2009,2017,9
299,Sikandar Raza,2014-2024,96,55,7.67,2014,2024,11
300,SH Johnson,2023-2025,39,54,7.84,2023,2025,3
301,A Madhwal,2019-2024,46,54,8.68,2019,2024,6
302,G Motie,2021-2024,48,54,7.18,2021,2024,4
303,Nasir Hossain,2012-2023,89,54,7.38,2012,2023,12
304,Nasum Ahmed,2015-2025,67,54,7.05,2015,2025,11
305,Baltej Singh,2016-2024,41,53,7.62,2016,2024,9
306,B Fernando,2020-2025,42,53,7.1,2020,2025,6
307,Khushdil Shah,2017-2025,86,53,6.81,2017,2025,9
308,A Kumble,2008-2010,52,53,6.72,2008,2010,3
309,T Sangha,2020-2025,42,53,7.25,2020,2025,6
310,S Sreesanth,2007-2021,62,53,8.3,2007,2021,15
311,AA Wakhare,2009-2022,62,53,6.83,2009,2022,14
312,Lalit Yadav,2018-2024,82,53,7.02,2018,2024,7
313,Yash Dayal,2019-2024,56,53,8.46,2019,2024,6
314,S Bhati,2016-2021,44,52,7.68,2016,2021,6
315,PVD Chameera,2016-2024,55,52,8.77,2016,2024,9
316,CT Gaja,2014-2024,43,52,7.66,2014,2024,11
317,RJ Harris,2009-2014,43,52,7.58,2009,2014,6
318,VY Mahesh,2007-2014,46,52,7.72,2007,2014,8
319,M Ravi Kiran,2014-2024,47,52,7.33,2014,2024,11
320,Rumman Raees,2016-2024,52,52,7.83,2016,2024,9
321,Umran Malik,2021-2024,45,52,8.93,2021,2024,4
322,Vikash Singh,2014-2024,52,52,7.98,2014,2024,11
323,J Yadav,2013-2023,88,52,6.33,2013,2023,11
324,Yasir Arafat,2007-2015,40,52,8.3,2007,2015,9
325,Anwar Ali,2016-2024,66,51,9.31,2016,2024,9
326,OEG Baartman,2023-2025,32,51,7.45,2023,2025,3
327,BA Bhatt,2011-2021,58,51,7.31,2011,2021,11
328,Gurinder Singh,2013-2022,59,51,6.74,2013,2022,10
329,Mukesh Kumar,2016-2024,48,51,8.81,2016,2024,9
330,V Permaul,2013-2024,73,51,6.83,2013,2024,12
331,N Rana,2013-2024,191,51,7.03,2013,2024,12
332,MJ Santner,2014-2024,53,51,6.53,2014,2024,11
333,Abdur Razzak,2007-2017,51,50,7.03,2007,2017,11
334,KC Cariappa,2015-2024,52,50,6.54,2015,2024,10
335,KR Mayers,2013-2025,119,50,7.58,2013,2025,13
336,Shivam Mavi,2018-2024,55,50,8.18,2018,2024,7
337,Sumit Kumar,2019-2024,56,50,7.46,2019,2024,6
338,Umaid Asif,2012-2023,48,50,8.46,2012,2023,12
339,CR Woakes,2013-2025,41,50,8.72,2013,2025,13
340,Akash Deep,2019-2024,42,49,7.71,2019,2024,6
341,LA Garg,2014-2023,50,49,8.0,2014,2023,10
342,RB Kalaria,2013-2022,40,49,6.76,2013,2022,10
343,K Kartikeya,2019-2024,41,49,7.18,2019,2024,6
344,Shohidul Islam,2016-2024,37,49,8.3,2016,2024,9
345,DR Smith,2007-2019,234,49,8.76,2007,2019,13
346,HTRJY Thornton,2017-2025,32,49,8.69,2017,2025,9
347,VG Arora,2021-2024,48,48,8.18,2021,2024,4
348,B Ayyappa,2014-2022,40,48,7.37,2014,2022,9
349,Azmatullah Omarzai,2022-2025,57,48,8.72,2022,2025,4
350,Fazalhaq Farooqi,2022-2024,35,48,7.26,2022,2024,3
351,V Koushik,2019-2024,38,48,7.7,2019,2024,6
352,Mosharraf Hossain,2012-2019,47,48,6.37,2012,2019,8
353,JL Pattinson,2010-2022,42,48,8.6,2010,2022,13
354,Anand Rajan,2007-2013,31,47,6.82,2007,2013,7
355,MA Beer,2011-2019,68,47,6.62,2011,2019,9
356,CH Gayle,2007-2022,356,47,7.9,2007,2022,16
357,Mukesh Choudhary,2019-2024,34,47,9.03,2019,2024,6
358,JS Paris,2013-2025,52,47,8.61,2013,2025,13
359,L Pope,2018-2025,40,47,8.43,2018,2025,8
360,SB Pradhan,2013-2022,52,47,6.97,2013,2022,10
361,LR Shukla,2007-2015,81,47,7.11,2007,2015,9
362,V Vyshak,2021-2024,36,47,8.62,2021,2024,4
363,Zahir Khan,2017-2024,53,47,7.47,2017,2024,8
364,Amit Yadav,2007-2022,48,46,6.48,2007,2022,16
365,RT Arothe,2014-2019,45,46,8.29,2014,2019,6
366,JP Duminy,2007-2019,149,46,7.72,2007,2019,13
367,AH Hooda,2011-2019,50,46,7.02,2011,2019,9
368,SK Raina,2008-2021,288,46,7.04,2008,2021,14
369,Tanzim Hasan Sakib,2023-2025,32,46,8.44,2023,2025,3
370,Abbas Afridi,2021-2024,33,45,9.12,2021,2024,4
371,AB Agarkar,2007-2013,61,45,8.28,2007,2013,7
372,NM Lyon,2011-2023,42,45,7.24,2011,2023,13
373,U Manukrishnan,2011-2023,47,45,6.74,2011,2023,13
374,DG Pathania,2017-2022,40,45,7.4,2017,2022,6
375,NJ Rimmington,2011-2017,47,45,7.93,2011,2017,7
376,RS Shah,2011-2021,46,45,6.93,2011,2021,11
377,Shahnawaz Dahani,2021-2024,34,45,8.99,2021,2024,4
378,J Theron,2010-2015,40,45,7.91,2010,2015,6
379,MA Avasthi,2021-2024,28,44,8.23,2021,2024,4
380,P Hatzoglou,2020-2025,53,44,7.74,2020,2025,6
381,M Kartik,2008-2014,77,44,7.05,2008,2014,7
382,MP Kuhnemann,2019-2025,55,44,7.62,2019,2025,7
383,VS Malik,2007-2014,41,44,7.34,2007,2014,8
384,AJ Mandal,2017-2024,46,44,7.11,2017,2024,8
385,MN Samuels,2007-2017,116,44,7.18,2007,2017,11
386,RJW Topley,2016-2025,48,44,8.72,2016,2025,10
387,GC Viljoen,2013-2025,42,44,9.09,2013,2025,13
388,Abul Hasan,2012-2017,42,43,9.14,2012,2017,6
389,B Doggett,2017-2025,48,43,8.33,2017,2025,9
390,Pankaj Singh,2007-2021,57,43,7.64,2007,2021,15
391,Yasir Shah,2015-2021,48,43,6.96,2015,2021,7
392,Akif Javed,2020-2025,31,42,7.94,2020,2025,6
393,XJ Doherty,2011-2017,41,42,7.59,2011,2017,7
394,R Frylinck,2010-2020,36,42,7.91,2010,2020,11
395,CJ Gannon,2012-2025,34,42,8.89,2012,2025,14
396,VR Iyer,2015-2024,113,42,7.71,2015,2024,10
397,ACP Mishra,2010-2019,31,42,7.45,2010,2019,10
398,MD Shanaka,2016-2024,90,42,9.18,2016,2024,9
399,Simarjeet Singh,2019-2024,35,42,7.78,2019,2024,6
400,Sunzamul Islam,2012-2025,71,42,7.76,2012,2025,14
401,SS Bandekar,2007-2017,33,41,8.18,2007,2017,11
402,AN Chauhan,2011-2018,27,41,7.95,2011,2018,8
403,R Dayal,2011-2021,42,41,6.6,2011,2021,11
404,S Dube,2016-2024,128,41,8.68,2016,2024,9
405,R Parag,2017-2024,114,41,7.25,2017,2024,8
406,DJM Short,2016-2025,109,41,8.52,2016,2025,10
407,BA Stokes,2015-2023,61,41,8.67,2015,2023,9
408,RD Thakur,2013-2018,30,41,7.84,2013,2018,6
409,CP Tremain,2012-2021,49,41,8.13,2012,2021,10
410,JD Wildermuth,2016-2022,54,41,8.38,2016,2022,7
411,Abhishek Sharma,2018-2024,111,40,7.13,2018,2024,7
412,KM Asif,2018-2023,36,40,8.32,2018,2023,6
413,HF Gurney,2011-2019,33,40,7.68,2011,2019,9
414,LR Morris,2020-2025,35,40,8.28,2020,2025,6
415,Nahidul Islam,2016-2025,64,40,6.67,2016,2025,10
416,HP Patel,2015-2023,44,40,6.58,2015,2023,9
417,IC Porel,2019-2024,31,40,7.23,2019,2024,6
418,Sohail Khan,2015-2024,45,40,8.86,2015,2024,10
419,L Wood,2022-2024,32,40,8.87,2022,2024,3
420,R Jangid,2009-2019,51,39,6.7,2009,2019,11
421,RRS Cornwall,2013-2025,79,39,7.84,2013,2025,13
422,NL McCullum,2007-2016,46,39,6.89,2007,2016,10
423,AD Mascarenhas,2007-2014,33,39,7.4,2007,2014,8
424,Mehedi Hasan Rana,2017-2025,34,39,8.83,2017,2025,9
425,Mukhtar Hussain,2019-2024,36,39,7.89,2019,2024,6
426,BB Sran,2011-2019,46,39,8.57,2011,2019,9
427,Sumit Singh,2009-2023,44,39,7.87,2009,2023,15
428,DN Wellalage,2022-2025,42,39,6.65,2022,2025,4
429,RR Beaton,2014-2025,47,38,8.73,2014,2025,12
430,DR Behera,2009-2017,39,38,7.15,2009,2017,9
431,AA Bhandari,2010-2019,45,38,6.78,2010,2019,10
432,SCJ Broad,2007-2017,34,38,7.85,2007,2017,11
433,JR Hopes,2008-2016,56,38,7.83,2008,2016,9
434,BAC Howell,2016-2024,53,38,7.34,2016,2024,9
435,BS Konthoujam,2019-2024,41,38,7.58,2019,2024,6
436,LS Livingstone,2019-2025,124,38,8.51,2019,2025,7
437,MF Maharoof,2007-2014,31,38,7.81,2007,2014,8
438,S Prasanna,2012-2023,71,38,7.33,2012,2023,12
439,NA Rathva,2018-2024,47,38,6.44,2018,2024,7
440,Abid Mushtaq,2019-2024,36,37,6.46,2019,2024,6
441,CK Chundawat,2015-2021,39,37,6.64,2015,2021,7
442,Ebadot Hossain,2017-2025,35,37,8.07,2017,2025,9
443,Monu Kumar,2016-2021,29,37,7.12,2016,2021,6
444,SS Mundhe,2007-2022,51,37,8.23,2007,2022,16
445,DJ Muthuswami,2013-2019,30,37,7.42,2013,2019,7
446,P Patel,2007-2018,32,37,6.25,2007,2018,12
447,AS Roy,2019-2024,58,37,7.13,2019,2024,6
448,MW Short,2014-2025,96,37,7.49,2014,2025,12
449,J Syed Mohammad,2009-2017,45,37,7.5,2009,2017,9
450,L Ablish,2007-2011,22,36,6.56,2007,2011,5
451,Amit Verma,2007-2021,52,36,7.2,2007,2021,15
452,W Sutherland,2018-2025,63,36,8.8,2018,2025,8
453,Usman Qadir,2018-2024,40,36,8.41,2018,2024,7
454,HR Walsh,2018-2024,40,36,7.93,2018,2024,7
455,Waqar Salamkheil,2019-2025,30,36,8.33,2019,2025,7
456,DC Drakes,2018-2024,40,35,9.93,2018,2024,7
457,MW Forde,2022-2024,34,35,7.53,2022,2024,3
458,AN Kazi,2019-2024,49,35,6.94,2019,2024,6
459,KMDN Kulasekara,2009-2016,36,35,7.05,2009,2016,8
460,Mosaddek Hossain,2015-2025,103,35,8.06,2015,2025,11
461,Nabil Samad,2012-2025,50,35,6.9,2012,2025,14
462,CAK Rajitha,2020-2024,30,35,8.15,2020,2024,5
463,Rasikh Salam,2019-2024,30,35,8.51,2019,2024,6
464,TP Sudhindra,2007-2012,27,35,6.75,2007,2012,6
465,PA van Meekeren,2016-2024,33,35,7.29,2016,2024,9
466,Amit Mishra,2013-2018,24,34,7.58,2013,2018,6
467,J Behera,2011-2022,25,34,5.87,2011,2022,12
468,SJ Benn,2009-2016,54,34,7.22,2009,2016,8
469,CBRLS Kumara,2020-2023,29,34,8.32,2020,2023,4
470,CK Langeveldt,2009-2014,20,34,7.6,2009,2014,6
471,JB Little,2021-2024,33,34,8.22,2021,2024,4
472,B Muzarabani,2021-2024,26,34,7.96,2021,2024,4
473,Rahat Ali,2018-2020,28,34,7.81,2018,2020,3
474,RR Raje,2007-2017,30,34,8.06,2007,2017,11
475,V Shankar,2013-2024,142,34,8.14,2013,2024,12
476,A Singh,2009-2012,29,34,7.79,2009,2012,4
477,MK Tiwary,2007-2021,178,34,8.12,2007,2021,15
478,Alok Kapali,2007-2022,73,33,8.3,2007,2022,16
479,JJ Bazley,2020-2025,47,33,8.75,2020,2025,6
480,G Coetzee,2023-2025,21,33,9.14,2023,2025,3
481,Fabid Ahmed,2015-2024,43,33,6.81,2015,2024,10
482,C Ganapathy,2007-2012,25,33,6.42,2007,2012,6
483,JNT Seales,2020-2024,31,33,9.14,2020,2024,5
484,TK Kotian,2021-2024,33,33,6.39,2021,2024,4
485,Mohammad Shahid,2015-2019,27,33,6.93,2015,2019,5
486,M Mohammed,2014-2024,41,33,7.64,2014,2024,11
487,Mrittunjoy Chowdhury,2022-2025,25,33,8.65,2022,2025,4
488,P Narang,2019-2024,25,33,6.72,2019,2024,6
489,P Parameswaran,2007-2014,34,33,7.74,2007,2014,8
490,LE Plunkett,2016-2024,32,33,8.48,2016,2024,9
491,DB Pradhan,2018-2024,31,33,7.71,2018,2024,7
492,AS Sarkar,2015-2024,42,33,8.12,2015,2024,10
493,KK Seth,2015-2024,28,33,7.94,2015,2024,10
494,Suyash Sharma,2023-2024,27,33,7.35,2023,2024,2
495,SS Agarwal,2017-2024,26,32,6.31,2017,2024,8
496,Ashutosh Aman,2019-2022,29,32,6.29,2019,2022,4
497,TT Bresnan,2010-2018,33,32,8.42,2010,2018,9
498,MK Dutta,2016-2024,30,32,8.09,2016,2024,9
499,L Gregory,2011-2023,44,32,8.77,2011,2023,13
500,Manan Sharma,2013-2017,26,32,6.07,2013,2017,5
501,AG Murtaza,2007-2014,33,32,6.98,2007,2014,8
502,M Pretorius,2021-2025,33,32,9.59,2021,2025,5
503,S Sanyal,2007-2014,23,32,6.13,2007,2014,8
504,KR Sen,2019-2024,39,32,8.93,2019,2024,6
505,Shuvagata Hom,2012-2024,96,32,7.99,2012,2024,13
506,Umar Nazir,2015-2021,24,32,7.16,2015,2021,7
507,K Upadhyay,2010-2019,35,32,7.65,2010,2019,10
508,K Abhinay,2018-2024,34,31,8.04,2018,2024,7
509,Al Islam,2019-2025,27,31,6.71,2019,2025,7
510,SB Bangar,2007-2012,33,31,7.35,2007,2012,6
511,PC de Silva,2016-2025,49,31,7.23,2016,2025,10
512,Enamul Haque jnr,2012-2019,28,31,6.43,2012,2019,8
513,BC Fortuin,2023-2025,33,31,6.69,2023,2025,3
514,S Midhun,2018-2024,31,31,6.7,2018,2024,7
515,VRV Singh,2007-2012,33,31,7.97,2007,2012,6
516,V Viyaskanth,2020-2024,34,31,7.78,2020,2024,5
517,WB Chatterjee,2017-2024,42,30,6.44,2017,2024,8
518,JEC Franklin,2009-2017,64,30,8.51,2009,2017,9
519,RJ Gleeson,2016-2025,29,30,8.75,2016,2025,10
520,AM Hardie,2019-2025,68,30,8.58,2019,2025,7
521,D Himganekar,2017-2024,40,30,7.55,2017,2024,8
522,Jagjit Singh,2021-2024,21,30,7.84,2021,2024,4
523,SC Kuggeleijn,2014-2022,25,30,8.52,2014,2022,9
524,AB McDonald,2009-2016,37,30,7.72,2009,2016,8
525,S Mahmood,2020-2022,14,30,9.14,2020,2022,3
526,PN Mankad,2016-2024,55,30,8.51,2016,2024,9
527,BMAJ Mendis,2012-2020,50,30,7.11,2012,2020,9
528,Mukidul Islam,2019-2025,31,30,8.89,2019,2025,7
529,AR Nurse,2013-2021,68,30,7.7,2013,2021,9
530,KJ O'Brien,2009-2021,47,30,7.43,2009,2021,13
531,Rana Dutta,2009-2022,40,30,7.17,2009,2022,14
532,SS Ruikar,2015-2023,35,30,6.39,2015,2023,9
533,Saqlain Sajib,2012-2017,36,30,7.45,2012,2017,6
534,NB Singh,2015-2019,19,30,5.55,2015,2019,5
535,SB Styris,2007-2014,49,30,7.41,2007,2014,8
536,IH Chaudhary,2007-2019,30,29,7.89,2007,2019,13
537,PM Datey,2015-2022,29,29,6.96,2015,2022,8
538,M Hassan,2016-2021,27,29,6.78,2016,2021,6
539,GF Linde,2023-2025,44,29,7.46,2023,2025,3
540,SS Mondal,2011-2016,23,29,6.74,2011,2016,6
541,KL Nagarkoti,2020-2024,32,29,7.75,2020,2024,5
542,AA Nandi,2010-2021,39,29,6.17,2010,2021,12
543,RJ Peterson,2011-2016,30,29,6.99,2011,2016,6
544,Soumya Sarkar,2012-2025,127,29,9.27,2012,2025,14
545,Auqib Nabi,2019-2024,27,28,7.83,2019,2024,6
546,AK Chowdhary,2019-2024,30,28,7.94,2019,2024,6
547,Harshit Rana,2022-2024,25,28,8.94,2022,2024,3
548,Harsh Tyagi,2019-2024,41,28,7.03,2019,2024,6
549,Hassan Khan,2017-2024,40,28,7.62,2017,2024,8
550,DJ Hussey,2008-2017,142,28,8.27,2008,2017,10
551,JB Karia,2011-2017,30,28,6.76,2011,2017,7
552,I Khan,2015-2021,33,28,6.31,2015,2021,7
553,Mohammad Ilyas,2019-2023,28,28,9.31,2019,2023,5
554,Naved-ul-Hasan,2011-2012,21,28,7.47,2011,2012,2
555,AW O'Brien,2010-2014,33,28,7.56,2010,2014,5
556,MH Reddy,2018-2023,23,28,8.85,2018,2023,6
557,CA Rose,2012-2020,57,28,8.26,2012,2020,9
558,TS Saha,2007-2021,28,28,7.31,2007,2021,15
559,BB Samantray,2009-2021,71,28,6.57,2009,2021,13
560,SM Sanandia,2016-2018,16,28,6.9,2016,2018,3
561,SK Springer,2016-2024,30,28,9.03,2016,2024,9
562,TM Ul-Haq,2013-2022,27,28,6.55,2013,2022,10
563,E Bosch,2023-2025,30,27,8.18,2023,2025,3
564,N Burger,2023-2024,29,27,8.53,2023,2024,2
565,M de Lange,2012-2022,30,27,9.03,2012,2022,11
566,DM de Silva,2020-2024,47,27,7.03,2020,2024,5
567,Elias Sunny,2012-2015,27,27,6.94,2012,2015,4
568,Harmeet Singh,2009-2016,31,27,7.8,2009,2016,8
569,LC Hatcher,2020-2024,24,27,8.66,2020,2024,5
570,AC McDermott,2011-2015,20,27,8.47,2011,2015,5
571,S Narwal,2009-2014,32,27,7.7,2009,2014,6
572,AM Nayar,2007-2017,95,27,8.19,2007,2017,11
573,JDP Oram,2007-2013,46,27,8.09,2007,2013,7
574,J Overton,2023-2025,18,27,8.81,2023,2025,3
575,AM Phangiso,2010-2024,22,27,6.9,2010,2024,15
576,Rishad Hossain,2019-2025,23,27,8.33,2019,2025,7
577,A Sahani,2019-2022,29,27,8.11,2019,2022,4
578,SPD Smith,2009-2025,192,27,7.91,2009,2025,17
579,AS Tendulkar,2021-2024,24,27,8.75,2021,2024,4
580,Varun Sood,2013-2021,30,27,6.68,2013,2021,9
581,GH Vihari,2010-2023,89,27,7.5,2010,2023,14
582,Waqas Maqsood,2019-2022,20,27,8.62,2019,2022,4
583,VU Yadav,2019-2024,28,27,6.74,2019,2024,6
584,FB Alemao,2016-2024,20,26,9.17,2016,2024,9
585,S Beigh,2007-2014,23,26,7.12,2007,2014,8
586,Iftikhar Ahmed,2016-2025,118,26,7.9,2016,2025,10
587,Jaskaran Singh,2009-2021,32,26,7.52,2009,2021,13
588,K Khejroliya,2018-2024,25,26,8.06,2018,2024,7
589,I Lemtur,2019-2024,33,26,7.25,2019,2024,6
590,AF Milne,2010-2024,40,26,8.0,2010,2024,15
591,Mohit Kumar,2019-2022,19,26,7.66,2019,2022,4
592,Sameen Gul,2018-2023,23,26,8.67,2018,2023,6
593,RG Sharma,2007-2024,337,26,7.69,2007,2024,18
594,Yuvraj Singh,2021-2023,17,26,7.12,2021,2023,3
595,Ziaur Rahman,2012-2025,84,26,9.16,2012,2025,14
596,JT Billa,2007-2011,14,25,6.92,2007,2011,5
597,MB Patel,2011-2015,16,25,8.43,2011,2015,5
598,Arshad Iqbal,2020-2023,24,25,9.22,2020,2023,4
599,SR Clark,2007-2011,16,25,5.78,2007,2011,5
600,A Dananjaya,2012-2024,32,25,8.48,2012,2024,13
601,PG Dooley,2022-2024,20,25,7.51,2022,2024,3
602,VA Jagadeesh,2007-2016,40,25,6.91,2007,2016,10
603,ST Jayasuriya,2007-2012,56,25,7.84,2007,2012,6
604,Kartik Tyagi,2020-2024,33,25,9.33,2020,2024,5
605,C Karunaratne,2021-2024,48,25,8.93,2021,2024,4
606,V Kaverappa,2022-2024,14,25,6.13,2022,2024,3
607,SS Lahiri,2007-2015,22,25,6.72,2007,2015,9
608,Mohammad Ali,2024-2025,14,25,7.82,2024,2025,2
609,PJ Pramanik,2018-2024,25,25,7.61,2018,2024,7
610,RS Primus,2017-2024,44,25,9.05,2017,2024,8
611,AS Raut,2009-2022,65,25,7.27,2009,2022,14
612,I Saxena,2009-2014,24,25,5.82,2009,2014,6
613,S Shillingford,2013-2017,34,25,7.13,2013,2017,5
614,Utkarsh Singh,2019-2024,32,25,6.22,2019,2024,6
615,JDF Vandersay,2016-2024,20,25,6.94,2016,2024,9
616,V Vinod Kumar,2010-2024,26,25,7.71,2010,2024,15
617,Yudhvir Singh,2019-2024,33,25,8.42,2019,2024,6
618,Aamer Yamin,2016-2023,35,24,8.83,2016,2023,8
619,B Akhil,2007-2011,35,24,7.15,2007,2011,5
620,CJ Anderson,2014-2024,73,24,9.04,2014,2024,11
621,Bal Krishna,2021-2024,16,24,7.85,2021,2024,4
622,Bilal Khan,2016-2024,23,24,7.41,2016,2024,9
623,A Chandila,2010-2013,28,24,6.31,2010,2013,4
624,JD Cook,2018-2021,24,24,7.59,2018,2021,4
625,BL Couch,2021-2024,22,24,8.59,2021,2024,4
626,P Dubey,2018-2024,26,24,7.17,2018,2024,7
627,GB Gaikwad,2009-2013,18,24,6.59,2009,2013,5
628,SM Kazi,2015-2022,26,24,6.97,2015,2022,8
629,RAS Lakmal,2016-2022,26,24,8.3,2016,2022,7
630,SS Majumder,2013-2023,27,24,6.5,2013,2023,11
631,Nayeem Hasan,2017-2024,30,24,7.45,2017,2024,8
632,Nitin Yadav,2016-2023,22,24,8.45,2016,2023,8
633,GB Poddar,2013-2024,56,24,7.39,2013,2024,12
634,R Sathish,2009-2017,67,24,7.02,2009,2017,9
635,Saurabh Kumar,2016-2021,33,24,7.03,2016,2021,6
636,Abrar Ahmed,2017-2024,20,23,7.75,2017,2024,8
637,Afif Hossain,2016-2025,108,23,9.13,2016,2025,10
638,Amad Butt,2017-2023,27,23,9.53,2017,2023,7
639,RB Bishnoi,2014-2024,20,23,6.54,2014,2024,11
640,E Chigumbura,2007-2016,35,23,9.54,2007,2016,10
641,V Choudhary,2019-2023,19,23,8.93,2019,2023,5
642,K Diwan,2007-2011,19,23,5.91,2007,2011,5
643,R Dutta,2009-2013,20,23,6.52,2009,2013,5
644,CRD Fernando,2007-2010,15,23,7.1,2007,2010,4
645,AA Gani,2014-2018,18,23,6.93,2014,2018,5
646,NM Hauritz,2009-2015,40,23,8.02,2009,2015,7
647,Ihsanullah,2022-2023,14,23,7.55,2022,2023,2
648,SD Lad,2013-2022,60,23,6.94,2013,2022,10
649,SM Maniar,2007-2013,19,23,7.09,2007,2013,7
650,KD Mills,2009-2014,22,23,7.33,2009,2014,6
651,Mir Hamza,2016-2024,20,23,8.63,2016,2024,9
652,Nihaduzzaman,2017-2025,30,23,7.32,2017,2025,9
653,Pappu Roy,2019-2021,18,23,5.84,2019,2021,3
654,Rajwinder Singh,2011-2015,16,23,6.69,2011,2015,5
655,KAJ Roach,2010-2018,30,23,8.02,2010,2018,9
656,WPUJC Vaas,2007-2010,18,23,7.0,2007,2010,4
657,PI Walter,2023-2025,22,23,8.98,2023,2025,3
658,Waseem Raza,2014-2021,27,23,7.75,2014,2021,8
659,MA Wood,2018-2024,16,23,8.74,2018,2024,7
660,Aamer Jamal,2023-2025,21,22,9.82,2023,2025,3
661,Abid Nabi,2007-2017,25,22,6.94,2007,2017,11
662,Alauddin Babu,2012-2025,32,22,9.77,2012,2025,14
663,RA Bawa,2022-2024,20,22,8.6,2022,2024,3
664,C Bosch,2022-2025,33,22,9.69,2022,2025,4
665,DM Dupavillon,2022-2025,19,22,9.43,2022,2025,4
666,JK Fuller,2022-2025,23,22,8.69,2022,2025,4
667,BJ Hodge,2007-2018,181,22,8.23,2007,2018,12
668,S Joseph,2018-2024,20,22,7.17,2018,2024,7
669,A Kamboj,2022-2024,19,22,7.64,2022,2024,3
670,L Kishan Singha,2021-2024,31,22,7.6,2021,2024,4
671,AK Markram,2021-2025,99,22,7.23,2021,2025,5
672,J Mehta,2007-2011,17,22,6.47,2007,2011,5
673,Mohammad Asghar,2016-2018,23,22,7.4,2016,2018,3
674,Mohammad Irfan (4),2017-2019,21,22,9.34,2017,2019,3
675,Monir Hossain,2012-2020,29,22,7.15,2012,2020,9
676,Muhammad Musa,2019-2023,22,22,9.63,2019,2023,5
677,AJ Nair,2016-2022,35,22,7.67,2016,2022,7
678,R Ngarava,2022-2024,19,22,7.72,2022,2024,3
679,DA Payne,2023-2024,16,22,8.56,2023,2024,2
680,VD Philander,2007-2014,25,22,7.89,2007,2014,8
681,SS Ranjane,2013-2025,37,22,8.0,2013,2025,13
682,GP Swann,2009-2012,16,22,6.5,2009,2012,4
683,A Symonds,2007-2011,51,22,7.86,2007,2011,5
684,AA Tiwari,2021-2024,20,22,8.58,2021,2024,4
685,S Vashisht,2021-2023,16,22,5.93,2021,2023,3
686,KP Appanna,2007-2013,24,21,7.68,2007,2013,7
687,H Bisht,2019-2024,27,21,8.16,2019,2024,6
688,SE Bond,2007-2010,19,21,7.41,2007,2010,4
689,S Budhwar,2007-2016,19,21,7.2,2007,2016,10
690,DJ Hooda,2013-2024,192,21,7.88,2013,2024,12
691,Karanveer Singh,2014-2019,16,21,8.57,2014,2019,6
692,VS Kushwah,2017-2021,30,21,8.9,2017,2021,5
693,Manjeet Singh,2015-2019,17,21,7.42,2015,2019,5
694,Y Nagar,2009-2019,55,21,7.36,2009,2019,11
695,SN Netravalkar,2024-2024,13,21,7.23,2024,2024,1
696,MD Nidheesh,2019-2024,18,21,7.88,2019,2024,6
697,Pankaj Rao,2017-2022,22,21,7.55,2017,2022,6
698,R Powell,2016-2024,161,21,11.09,2016,2024,9
699,DS Punia,2015-2022,21,21,8.29,2015,2022,8
700,Rahul Singh,2013-2021,25,21,6.78,2013,2021,9
701,KJ Rakesh,2007-2014,29,21,7.54,2007,2014,8
702,Rejaur Rahman,2022-2025,20,21,9.08,2022,2025,4
703,R Sanjay Yadav,2017-2023,35,21,6.62,2017,2023,7
704,M Siddharth,2019-2024,12,21,5.19,2019,2024,6
705,A Sinha,2009-2018,25,21,6.73,2009,2018,10
706,P Tamang,2019-2024,41,21,8.58,2019,2024,6
707,MY Vahora,2007-2017,24,21,7.2,2007,2017,11
708,LB Williams,2023-2024,14,21,9.75,2023,2024,2
709,B Mohanty,2013-2017,21,20,6.44,2013,2017,5
710,Ashish Yadav,2011-2019,36,20,7.1,2011,2019,9
711,N Behera,2007-2011,16,20,6.24,2007,2011,5
712,AA Choudhury,2022-2024,19,20,7.05,2022,2024,3
713,HNA Conway,2019-2023,23,20,8.5,2019,2023,5
714,CJ Dala,2018-2025,12,20,9.5,2018,2025,8
715,AK Das,2010-2021,31,20,7.91,2010,2021,12
716,CS Delport,2014-2022,97,20,8.68,2014,2022,9
717,TM Dilshan,2007-2016,123,20,7.23,2007,2016,10
718,BM Edmondson,2011-2013,17,20,8.97,2011,2013,3
719,ST Gabriel,2012-2018,25,20,8.09,2012,2018,7
720,RV Gomez,2007-2019,62,20,7.8,2007,2019,13
721,DS Goswami,2007-2015,17,20,7.04,2007,2015,9
722,SM Harwood,2009-2012,16,20,7.37,2009,2012,4
723,TM Head,2013-2024,98,20,8.58,2013,2024,12
724,Karim Janat,2021-2024,35,20,8.28,2021,2024,4
725,KAU Kense,2021-2024,20,20,7.58,2021,2024,4
726,Mayank Mishra,2019-2022,19,20,7.09,2019,2022,4
727,JM Mennie,2012-2020,22,20,8.71,2012,2020,9
728,NO Miller,2010-2018,39,20,6.75,2010,2018,9
729,Mohammad Imran,2021-2025,22,20,8.82,2021,2025,5
730,RG More,2012-2024,22,20,8.23,2012,2024,13
731,Mujtaba Yousuf,2019-2022,21,20,7.67,2019,2022,4
732,S Rana,2007-2015,42,20,6.77,2007,2015,9
733,Sarfaraz Ashraf,2014-2019,21,20,7.05,2014,2019,6
734,AP Sharma,2019-2023,20,20,6.33,2019,2023,5
735,Shashank Singh,2015-2024,74,20,8.42,2015,2024,10
736,Sohrawordi Shuvo,2010-2022,31,20,7.86,2010,2022,13
737,SJ Srivastava,2007-2011,22,20,8.66,2007,2011,5
738,SP Tari,2023-2024,13,20,8.64,2023,2024,2
739,T Thyagarajan,2018-2024,31,20,6.39,2018,2024,7
740,V Tiwari,2019-2024,17,20,9.53,2019,2024,6
741,Zulfiqar Babar,2014-2018,24,20,6.89,2014,2018,5
742,HH Gadekar,2010-2014,14,19,6.17,2010,2014,5
743,P Amarnath,2007-2013,14,19,9.2,2007,2013,7
744,G Anikethreddy,2022-2024,14,19,6.62,2022,2024,3
745,RH Bhatt,2007-2018,43,19,7.64,2007,2018,12
746,D Bishoo,2010-2018,16,19,7.52,2010,2018,9
747,C Campher,2021-2024,24,19,8.32,2021,2024,4
748,AA Chavan,2009-2013,26,19,7.97,2009,2013,5
749,PG Dake,2014-2021,11,19,8.46,2014,2021,8
750,RV Dhurv,2007-2014,22,19,6.83,2007,2014,8
751,Dilbar Hussain,2020-2023,15,19,8.61,2020,2023,4
752,J Edwards,2018-2025,51,19,8.1,2018,2025,8
753,GD Elliott,2016-2017,27,19,7.56,2016,2017,2
754,EP Gulbis,2012-2019,47,19,8.1,2012,2019,8
755,MADI Hemantha,2022-2024,14,19,6.75,2022,2024,3
756,CD Hinchliffe,2019-2023,27,19,8.05,2019,2023,5
757,MN Hirwani,2016-2023,24,19,7.25,2016,2023,8
758,JL Jaggesar,2016-2025,23,19,7.77,2016,2025,10
759,DE Johnson,2013-2016,12,19,8.62,2013,2016,4
760,E Jones,2023-2025,19,19,9.41,2023,2025,3
761,Kaushal Singh,2014-2021,36,19,7.92,2014,2021,8
762,D Lakshan,2020-2023,17,19,9.02,2020,2023,4
763,SJK Majumdar,2021-2024,21,19,6.65,2021,2024,4
764,BAD Manenti,2018-2025,33,19,7.58,2018,2025,8
765,T Murphy,2021-2025,28,19,6.42,2021,2025,5
766,PKKK Naidu,2010-2015,19,19,8.14,2010,2015,6
767,S Nazar,2013-2015,15,19,5.3,2013,2015,3
768,SM Pollock,2007-2008,18,19,7.14,2007,2008,2
769,V Pratap Singh,2012-2021,22,19,8.56,2012,2021,10
770,Rajan Kumar,2022-2024,19,19,7.62,2022,2024,3
771,J Royal,2019-2023,23,19,7.71,2019,2023,5
772,Jatin S Saxena,2009-2018,18,19,6.24,2009,2018,10
773,Shakeeb Ahmed,2017-2019,16,19,8.6,2017,2019,3
774,Shapoor Zadran,2010-2016,17,19,6.82,2010,2016,7
775,RR Singh,2013-2017,25,19,6.83,2013,2017,5
776,RR Singh,2019-2024,33,19,7.55,2019,2024,6
777,SP Udeshi,2019-2023,27,19,6.11,2019,2023,5
778,Umer Khan,2019-2020,17,19,7.78,2019,2020,2
779,MRJ Watt,2016-2024,18,19,6.42,2016,2024,9
780,BJ Webster,2017-2025,83,19,7.38,2017,2025,9
781,MP Yadav,2022-2024,14,19,6.6,2022,2024,3
782,SB Yadav,2009-2017,24,19,7.67,2009,2017,9
783,Zahoor Khan,2021-2024,14,19,7.91,2021,2024,4
784,KJ Abbott,2014-2020,20,18,9.26,2014,2020,7
785,RK Ahmed,2018-2022,32,18,8.23,2018,2022,5
786,Amarjeet Singh,2009-2014,18,18,8.08,2009,2014,6
787,MS Bhandage,2019-2024,28,18,8.66,2019,2024,6
788,IG Butler,2009-2013,14,18,8.51,2009,2013,5
789,AA Darekar,2010-2015,15,18,6.98,2010,2015,6
790,KR Hooda,2011-2015,21,18,6.14,2011,2015,5
791,WG Jacks,2020-2025,63,18,7.36,2020,2025,6
792,SA Jacobs,2010-2019,32,18,7.43,2010,2019,10
793,SS Jain,2014-2023,20,18,6.25,2014,2023,10
794,Khurram Shahzad,2021-2024,12,18,8.2,2021,2024,4
795,T Kohli,2008-2022,57,18,9.06,2008,2022,15
796,BB Lather,2021-2024,24,18,8.28,2021,2024,4
797,KR Makvana,2007-2016,26,18,6.88,2007,2016,10
798,RTM Mendis,2020-2024,30,18,8.01,2020,2024,5
799,Mohammad Asif,2007-2010,16,18,8.76,2007,2010,4
800,Muktar Ali,2012-2023,48,18,8.8,2012,2023,12
801,Nagaho Chishi,2019-2024,27,18,8.83,2019,2024,6
802,C Nanda,2007-2010,20,18,6.91,2007,2010,4
803,A Negi,2018-2021,19,18,7.29,2018,2021,4
804,Parvez Sultan,2021-2024,16,18,8.04,2021,2024,4
805,Ramandeep Singh,2017-2024,60,18,8.22,2017,2024,8
806,AM Salvi,2007-2013,19,18,8.12,2007,2013,7
807,PADLR Sandakan,2014-2024,19,18,8.6,2014,2024,11
808,AA Sarwate,2014-2023,18,18,7.4,2014,2023,10
809,AJ Shinde,2007-2014,20,18,7.21,2007,2014,8
810,RJ Sidebottom,2009-2012,14,18,7.3,2009,2012,4
811,LMP Simmons,2009-2022,203,18,9.14,2009,2022,14
812,SV Trivedi,2015-2021,20,18,8.86,2015,2021,7
813,Zafar Gohar,2016-2022,17,18,8.39,2016,2022,7
814,Abdul Razzaq,2009-2018,32,17,8.21,2009,2018,10
815,Abhijeet Saket,2019-2023,18,17,8.47,2019,2023,5
816,Aizaz Cheema,2014-2019,11,17,8.43,2014,2019,6
817,Amrinder Singh,2010-2011,10,17,4.88,2010,2011,2
818,B Aparajith,2013-2023,62,17,6.03,2013,2023,11
819,Ashar Zaidi,2015-2016,17,17,5.5,2015,2016,2
820,A Aswin Crist,2015-2021,11,17,7.69,2015,2021,7
821,RR Bhatkal,2007-2012,20,17,7.65,2007,2012,6
822,A Dev Goud,2019-2024,7,17,6.4,2019,2024,6
823,Hamid Hassan,2010-2021,13,17,5.6,2010,2021,12
824,DJ Harris,2010-2014,41,17,8.06,2010,2014,5
825,Imtiaz Ahmed,2009-2017,20,17,7.75,2009,2017,9
826,AS Jamwal,2019-2024,26,17,6.42,2019,2024,6
827,M Jangra,2019-2024,17,17,8.35,2019,2024,6
828,AL Menaria,2011-2022,72,17,6.55,2011,2022,12
829,EMDY Munaweera,2012-2023,48,17,6.71,2012,2023,12
830,DM Parwani,2023-2024,9,17,10.43,2023,2024,2
831,TR Patel,2019-2024,17,17,8.67,2019,2024,6
832,T Pradeep,2017-2022,22,17,8.55,2017,2022,6
833,Pramod Madushan,2021-2024,19,17,9.36,2021,2024,4
834,JA Prestwidge,2019-2023,25,17,8.32,2019,2023,5
835,SL Rainbird,2015-2022,24,17,8.9,2015,2022,8
836,AV Rajput,2021-2024,23,17,8.79,2021,2024,4
837,PR Rekhade,2022-2024,12,17,6.0,2022,2024,3
838,S Sam,2013-2015,13,17,6.16,2013,2015,3
839,SMSM Senanayake,2012-2016,22,17,6.28,2012,2016,5
840,G Shankara Rao,2007-2010,15,17,6.86,2007,2010,4
841,SH Srinivas,2011-2017,22,17,7.13,2011,2017,7
842,TL Suman,2007-2015,75,17,7.92,2007,2015,9
843,P Suyal,2012-2021,24,17,7.75,2012,2021,10
844,Tajinder Singh,2017-2024,22,17,6.81,2017,2024,8
845,Tarani Sa,2021-2024,18,17,8.39,2021,2024,4
846,AJ Turner,2013-2025,145,17,7.64,2013,2025,13
847,BTJ Wheal,2021-2024,15,17,7.89,2021,2024,4
848,AV Vasavada,2011-2021,40,16,5.63,2011,2021,11
849,AD Nath,2013-2022,86,16,7.86,2013,2022,10
850,Akash Singh,2019-2024,20,16,8.86,2019,2024,6
851,Avinash Yadav,2010-2022,22,16,7.18,2010,2022,13
852,A Bali,2009-2014,18,16,6.31,2009,2014,6
853,A Chaprana,2019-2021,15,16,7.44,2019,2021,3
854,N Chaudhary,2017-2025,32,16,7.83,2017,2025,9
855,BFW de Leede,2021-2024,15,16,8.22,2021,2024,4
856,AM Fernando,2020-2024,16,16,9.78,2020,2024,5
857,C Green,2019-2024,43,16,9.04,2019,2024,6
858,HMRKB Herath,2009-2016,15,16,5.47,2009,2016,8
859,Hussain Talat,2017-2025,64,16,9.21,2017,2025,9
860,AG Jungade,2011-2016,18,16,8.37,2011,2016,6
861,SS Kumar,2009-2019,23,16,8.02,2009,2019,11
862,Mandeep Singh,2010-2024,211,16,7.38,2010,2024,15
863,KD Patel,2018-2023,21,16,8.57,2018,2023,6
864,Preetamjit Das,2007-2010,15,16,6.19,2007,2010,4
865,AN Raj,2021-2022,10,16,6.84,2021,2022,2
866,RR Raj,2014-2017,14,16,7.19,2014,2017,4
867,Rakibul Hasan,2023-2025,22,16,7.57,2023,2025,3
868,C Rakshann Readdi,2021-2024,16,16,7.47,2021,2024,4
869,LM Ralte,2019-2024,33,16,9.73,2019,2024,6
870,JK Reed,2015-2017,10,16,8.93,2015,2017,3
871,A Sakuja,2011-2018,15,16,5.16,2011,2018,8
872,AK Sarkar,2013-2024,20,16,8.2,2013,2024,12
873,JPR Scantlebury-Searles,2014-2019,46,16,10.36,2014,2019,6
874,PN Seet,2013-2017,18,16,8.53,2013,2017,5
875,AA Sengupta,2021-2024,17,16,9.42,2021,2024,4
876,SM Sharif,2016-2024,14,16,8.47,2016,2024,9
877,G Singh,2011-2014,15,16,6.8,2011,2014,4
878,Sachin K Singh,2021-2024,24,16,7.41,2021,2024,4
879,D Swaroop Kumar,2013-2019,16,16,7.76,2013,2019,7
880,RN ten Doeschate,2009-2021,87,16,9.31,2009,2021,13
881,V Tokas,2010-2019,17,16,8.24,2010,2019,10
882,S Tyagi,2009-2020,25,16,7.91,2009,2020,12
883,S Abbas Ali,2007-2013,19,15,7.1,2007,2013,7
884,YA Abdulla,2009-2010,11,15,8.81,2009,2010,2
885,Amitoze Singh,2010-2013,17,15,6.44,2010,2013,4
886,DAJ Bracewell,2010-2024,10,15,9.52,2010,2024,15
887,MG Bracewell,2013-2024,15,15,6.76,2013,2024,12
888,Y Chudasama,2018-2024,15,15,7.18,2018,2024,7
889,M Deyal,2015-2025,46,15,8.49,2015,2025,11
890,LW Feldman,2012-2015,14,15,7.69,2012,2015,4
891,Gaurav Yadav,2019-2024,19,15,9.36,2019,2024,6
892,P Girinath Reddy,2016-2022,22,15,7.54,2016,2022,7
893,RN Gurbani,2016-2019,17,15,7.96,2016,2019,4
894,Harmeet Singh,2013-2024,19,15,8.17,2013,2024,12
895,BE Hendricks,2014-2024,14,15,9.23,2014,2024,11
896,SSB Magala,2023-2023,14,15,8.66,2023,2023,1
897,Musfik Hasan,2024-2025,9,15,9.62,2024,2025,2
898,S Muthusamy,2023-2025,22,15,7.59,2023,2025,3
899,LN O'Connor,2016-2021,23,15,7.71,2016,2021,6
900,V Patil,2021-2024,12,15,8.2,2021,2024,4
901,AL Phehlukwayo,2014-2025,22,15,9.42,2014,2025,12
902,S Purkayastha,2009-2024,30,15,8.68,2009,2024,16
903,Rajesh Mohanty,2019-2024,21,15,7.74,2019,2024,6
904,C Sangma,2019-2023,21,15,6.64,2019,2023,5
905,V Sehwag,2007-2016,143,15,9.32,2007,2016,10
906,Shafiqul Islam,2022-2024,14,15,7.77,2022,2024,3
907,LA Singh,2019-2024,27,15,8.19,2019,2024,6
908,D Siva Kumar,2009-2018,15,15,6.84,2009,2018,10
909,B Sudhakar,2013-2016,16,15,6.35,2013,2016,4
910,LV van Beek,2014-2024,20,15,8.35,2014,2024,11
911,T van der Gugten,2014-2022,14,15,7.88,2014,2022,9
912,AP Vasisht,2019-2024,28,15,6.26,2019,2024,6
913,K Vignesh,2017-2019,11,15,7.74,2017,2019,3
914,Zahid Mahmood,2020-2024,15,15,8.52,2020,2024,5
915,B Zothansanga,2019-2024,24,15,8.43,2019,2024,6
916,CG Khurana,2011-2022,23,14,7.13,2011,2022,12
917,Kabir Ali,2012-2013,15,14,9.41,2012,2013,2
918,W Antony Dhas,2015-2018,12,14,7.02,2015,2018,4
919,Bilawal Bhatti,2012-2020,16,14,7.92,2012,2020,9
920,JH Davey,2016-2022,11,14,7.94,2016,2022,7
921,Ehsan Adil,2013-2024,12,14,7.57,2013,2024,12
922,ST Finn,2012-2018,11,14,6.87,2012,2018,7
923,RS Hangargekar,2021-2024,16,14,9.0,2021,2024,4
924,Imran Khalid,2013-2017,15,14,7.12,2013,2017,5
925,Imran Khan (1),2016-2018,12,14,7.23,2016,2018,3
926,Lakhan Singh,2015-2023,23,14,9.31,2015,2023,9
927,GD McGrath,2008-2009,16,14,6.7,2008,2009,2
928,G Manish,2019-2023,16,14,6.89,2019,2023,5
929,GE Mathurin,2013-2017,25,14,6.9,2013,2017,5
930,Nahid Rana,2023-2025,17,14,8.52,2023,2025,3
931,D Negi,2019-2023,28,14,6.83,2019,2023,5
932,M Ntini,2007-2010,19,14,7.89,2007,2010,4
933,RR Powar,2007-2012,28,14,7.49,2007,2012,6
934,SS Quadri,2014-2021,17,14,6.54,2014,2021,8
935,R Ravindra,2024-2024,20,14,4.41,2024,2024,1
936,N Sindhu,2022-2024,22,14,6.26,2022,2024,3
937,PH Solanki,2021-2024,16,14,7.99,2021,2024,4
938,Subashis Roy,2015-2019,22,14,8.37,2015,2019,5
939,SLA Tai,2016-2018,19,14,8.45,2016,2018,3
940,LL Tsotsobe,2010-2014,17,14,7.84,2010,2014,5
941,S Vidyut,2007-2010,25,14,6.91,2007,2010,4
942,Vaisakh Chandran,2022-2023,10,14,5.84,2022,2023,2
943,Yashpal Singh,2007-2019,63,14,6.85,2007,2019,13
944,NRJ Young,2020-2024,24,14,9.0,2020,2024,5
945,Afroz Khan,2007-2011,10,13,8.34,2007,2011,5
946,RM Alam,2019-2024,18,13,7.43,2019,2024,6
947,TD Andrews,2016-2025,17,13,7.58,2016,2025,10
948,Arshad Khan,2023-2024,16,13,10.41,2023,2024,2
949,Ashwin Das,2016-2022,12,13,8.77,2016,2022,7
950,AB Charak,2021-2024,30,13,7.71,2021,2024,4
951,TLW Cooper,2010-2022,121,13,7.92,2010,2022,13
952,Z Evans,2020-2022,10,13,10.03,2020,2022,3
953,SC Ganguly,2007-2012,62,13,7.82,2007,2012,6
954,GHS Garton,2021-2025,20,13,9.48,2021,2025,5
955,NA Gordon,2022-2023,16,13,9.17,2022,2023,2
956,Irfan Khan,2009-2015,21,13,6.89,2009,2015,7
957,Jahandad Khan,2024-2025,15,13,9.1,2024,2025,2
958,SB Joshi,2007-2010,15,13,7.16,2007,2010,4
959,Karan Lal,2021-2024,24,13,5.93,2021,2024,4
960,R McLaren,2009-2013,23,13,8.82,2009,2013,5
961,NJ Maddinson,2011-2023,124,13,7.48,2011,2023,13
962,D Madushanka,2020-2024,16,13,8.72,2020,2024,5
963,AR Maini,2019-2019,6,13,5.79,2019,2019,1
964,KR Marak,2019-2023,19,13,8.03,2019,2023,5
965,RK Mohanty,2009-2013,14,13,7.3,2009,2013,5
966,Naeem Islam,2009-2025,52,13,7.13,2009,2025,17
967,AR Nedd,2020-2024,15,13,6.78,2020,2024,5
968,AA Pandey,2021-2024,12,13,7.83,2021,2024,4
969,AG Pandrekar,2017-2022,18,13,7.5,2017,2022,6
970,HM Patel,2019-2024,20,13,7.44,2019,2024,6
971,UB Patel,2009-2015,18,13,7.44,2009,2015,7
972,BA Pathan,2017-2021,17,13,7.13,2017,2021,5
973,SS Paul,2021-2024,20,13,7.69,2021,2024,4
974,AG Praveen,2010-2014,17,13,6.46,2010,2014,5
975,MG Sirur,2019-2021,11,13,7.78,2019,2021,3
976,Sunny Rana,2019-2019,11,13,7.73,2019,2019,1
977,Tahmeed Rahman,2019-2023,27,13,9.02,2019,2023,5
978,R Trumpelmann,2021-2024,13,13,7.81,2021,2024,4
979,AK Yadav,2021-2024,13,13,7.95,2021,2024,4
980,MR Adair,2021-2024,13,12,7.48,2021,2024,4
981,Ahsan Malik,2014-2016,9,12,6.61,2014,2016,3
982,Amir Hamza,2014-2025,15,12,7.02,2014,2025,12
983,Amit Ali,2021-2023,9,12,6.78,2021,2023,3
984,Ankit Chaudhary,2019-2019,9,12,5.87,2019,2019,1
985,V Athisayaraj Davidson,2018-2018,9,12,7.73,2018,2018,1
986,DE Bernard,2013-2014,16,12,6.53,2013,2014,2
987,TL Best,2013-2017,13,12,8.57,2013,2017,5
988,J Bishop,2019-2023,15,12,7.55,2019,2023,5
989,DR Briggs,2012-2021,15,12,7.54,2012,2021,10
990,C Connolly,2023-2025,25,12,7.27,2023,2025,3
991,C de Grandhomme,2012-2023,55,12,9.22,2012,2023,12
992,JW Dernbach,2011-2019,13,12,9.97,2011,2019,9
993,CJD de Villiers,2009-2012,8,12,7.08,2009,2012,4
994,GH Dockrell,2010-2024,22,12,7.47,2010,2024,15
995,RT D'Souza,2009-2015,20,12,7.32,2009,2015,7
996,JN Frylinck,2021-2024,14,12,7.16,2021,2024,4
997,Gagandeep Singh,2007-2008,14,12,7.25,2007,2008,2
998,DD Gaonkar,2015-2024,45,12,8.63,2015,2024,10
999,Gulbadin Naib,2012-2024,31,12,8.04,2012,2024,13
1000,Hasan Murad,2022-2025,13,12,8.18,2022,2025,4
1001,Imran Khan,2021-2022,10,12,8.63,2021,2022,2
1002,Jaskaran Singh,2014-2018,15,12,8.03,2014,2018,5
1003,Kamran Khan,2009-2011,11,12,8.65,2009,2011,3
1004,JJ Khan,2010-2015,9,12,7.44,2010,2015,6
1005,SN Khanolkar,2007-2012,21,12,7.11,2007,2012,6
1006,Kuldeep Sharma,2009-2011,11,12,5.58,2009,2011,3
1007,M Labuschagne,2017-2025,28,12,9.72,2017,2025,9
1008,AM Makda,2007-2010,14,12,6.66,2007,2010,4
1009,Md Saptulla,2021-2024,27,12,8.68,2021,2024,4
1010,Nischal Gaur,2007-2007,5,12,5.85,2007,2007,1
1011,A Palkar,2021-2022,9,12,8.16,2021,2022,2
1012,V Panwar,2024-2024,9,12,7.88,2024,2024,1
1013,JK Parmar,2018-2019,7,12,8.37,2018,2019,2
1014,SS Paul,2007-2007,8,12,5.9,2007,2007,1
1015,M Prabhu,2010-2014,12,12,6.6,2010,2014,5
1016,PM Pushpakumara,2020-2023,11,12,8.22,2020,2023,4
1017,Samiullah Shinwari,2010-2025,29,12,7.19,2010,2025,16
1018,NS Shaikh,2017-2022,45,12,5.89,2017,2022,6
1019,G Sharma,2007-2016,24,12,6.66,2007,2016,10
1020,Shiva Singh,2019-2023,22,12,6.87,2019,2023,5
1021,HR Shokeen,2022-2023,18,12,8.54,2022,2023,2
1022,L Sipamla,2025-2025,9,12,8.26,2025,2025,1
1023,JT Smuts,2011-2025,33,12,7.86,2011,2025,15
1024,Susheel Kumar,2022-2024,13,12,9.23,2022,2024,3
1025,N Tanwar,2018-2024,16,12,7.77,2018,2024,7
1026,RA Tripathi,2013-2024,156,12,7.5,2013,2024,12
1027,T Vijay,2023-2024,8,12,6.0,2023,2024,2
1028,PS Vijayran,2015-2022,21,12,8.03,2015,2022,8
1029,SC Williams,2014-2024,26,12,6.67,2014,2024,11
1030,Jai P Yadav,2009-2011,12,12,7.31,2009,2011,3
1031,S Yadav,2009-2014,17,12,6.84,2009,2014,6
1032,Abhishek Yadav,2016-2024,24,11,7.33,2016,2024,9
1033,SSD Arachchige,2020-2024,24,11,7.92,2020,2024,5
1034,MD Bates,2011-2012,7,11,6.07,2011,2012,2
1035,RR Batham,2019-2024,15,11,7.05,2019,2024,6
1036,RR Bose,2007-2009,11,11,8.56,2007,2009,3
1037,L Bowe,2017-2020,14,11,8.66,2017,2020,4
1038,RP Burl,2019-2025,38,11,8.04,2019,2025,7
1039,TL Chatara,2014-2022,13,11,6.72,2014,2022,9
1040,JR Coleman,2018-2020,10,11,7.18,2018,2020,3
1041,AR Cusack,2009-2014,12,11,9.18,2009,2014,6
1042,PP Das,2012-2023,55,11,7.04,2012,2023,12
1043,DYA Davis,2015-2024,13,11,7.9,2015,2024,10
1044,M Diwakar,2007-2009,7,11,7.5,2007,2009,3
1045,FY Fazal,2007-2019,65,11,7.22,2007,2019,13
1046,D Ferreira,2023-2025,35,11,5.87,2023,2025,3
1047,Ghulam Mudassar,2017-2022,12,11,10.51,2017,2022,6
1048,DAS Gunaratne,2019-2023,17,11,8.33,2019,2023,5
1049,M Gupta,2017-2018,9,11,6.75,2017,2018,2
1050,P Gupta,2009-2014,12,11,7.87,2009,2014,6
1051,C Hemraj,2018-2023,46,11,7.04,2018,2023,6
1052,T Hinds,2018-2024,14,11,9.63,2018,2024,7
1053,D Kalyankrishna,2007-2010,12,11,8.82,2007,2010,4
1054,JJ Krejza,2011-2013,11,11,8.52,2011,2013,3
1055,G Lalbiakvela,2019-2023,28,11,9.49,2019,2023,5
1056,MK Lomror,2017-2024,107,11,7.48,2017,2024,8
1057,D Mahajan,2007-2011,17,11,7.3,2007,2011,5
1058,MG Gawas,2013-2017,14,11,8.62,2013,2017,5
1059,MS Redkar,2023-2024,13,11,8.3,2023,2024,2
1060,WA Mota,2007-2010,21,11,7.18,2007,2010,4
1061,M Mudhasir,2013-2018,12,11,7.32,2013,2018,6
1062,A Mukund,2008-2018,35,11,5.77,2008,2018,11
1063,Naeem Islam jnr,2013-2017,14,11,7.43,2013,2017,5
1064,Narender Kumar,2007-2013,23,11,7.2,2007,2013,7
1065,S Nirmohi,2015-2021,13,11,7.88,2015,2021,7
1066,K Panchal,2007-2013,21,11,7.13,2007,2013,7
1067,NK Patel,2007-2013,37,11,8.67,2007,2013,7
1068,PS Poonia,2023-2024,11,11,8.5,2023,2024,2
1069,PR Prem,2007-2019,57,11,6.38,2007,2019,13
1070,Prince Yadav,2024-2024,8,11,7.54,2024,2024,1
1071,Ruyel Miah,2022-2025,12,11,8.71,2022,2025,4
1072,Dipu Sangma,2021-2024,15,11,7.57,2021,2024,4
1073,AA Sanklecha,2007-2017,9,11,8.55,2007,2017,11
1074,Sarandeep Singh,2007-2009,10,11,6.26,2007,2009,3
1075,KS Shahabuddin,2007-2013,16,11,7.21,2007,2013,7
1076,Shantanu Pitre,2007-2007,7,11,6.7,2007,2007,1
1077,BB Sharma,2021-2023,12,11,7.11,2021,2023,3
1078,WD Sheridan,2011-2013,13,11,8.43,2011,2013,3
1079,DH Soni,2021-2022,8,11,8.53,2021,2022,2
1080,Sonu Singh,2016-2019,9,11,7.98,2016,2019,4
1081,OP Stone,2023-2024,10,11,9.54,2023,2024,2
1082,MD Sultan Karim,2019-2023,22,11,9.36,2019,2023,5
1083,A Taide,2019-2024,52,11,5.96,2019,2024,6
1084,KM Thakor,2014-2014,7,11,6.66,2014,2014,1
1085,PD Trego,2009-2012,20,11,9.38,2009,2012,4
1086,Tripuresh Singh,2024-2024,8,11,7.97,2024,2024,1
1087,G Upadhyaya,2007-2014,19,11,7.2,2007,2014,8
1088,PC Valthaty,2009-2013,34,11,8.3,2009,2013,5
1089,N Vimukthi,2021-2024,8,11,6.96,2021,2024,4
1090,AN Yadav,2013-2021,14,11,7.36,2013,2021,9
1091,S Ladda,2010-2016,13,10,8.41,2010,2016,7
1092,N Niyas,2009-2016,8,10,7.59,2009,2016,8
1093,RL Mali,2009-2016,7,10,8.32,2009,2016,8
1094,S Pandey,2018-2021,12,10,8.96,2018,2021,4
1095,Akash Sudan,2016-2023,9,10,9.17,2016,2023,8
1096,Anand Singh,2009-2021,27,10,8.35,2009,2021,13
1097,AV Ankolekar,2021-2024,15,10,5.93,2021,2024,4
1098,SV Bahutule,2007-2011,12,10,6.92,2007,2011,5
1099,KP Bhikane,2010-2011,12,10,8.09,2010,2011,2
1100,RR Chahar,2010-2013,11,10,7.97,2010,2013,4
1101,PC Dadhe,2017-2023,13,10,8.11,2017,2023,7
1102,SS Das,2014-2024,23,10,8.03,2014,2024,11
1103,D du Preez,2009-2010,8,10,9.1,2009,2010,2
1104,AL Fekete,2013-2020,15,10,10.16,2013,2020,8
1105,A Flintoff,2007-2015,15,10,8.56,2007,2015,9
1106,K Goel,2007-2013,44,10,7.02,2007,2013,7
1107,Gurvinder Singh,2013-2019,9,10,5.35,2013,2019,7
1108,CS Hopongkyu,2021-2024,13,10,8.95,2021,2024,4
1109,Izharulhaq Naveed,2022-2023,13,10,8.38,2022,2023,2
1110,TP Kaber,2024-2025,9,10,8.05,2024,2025,2
1111,S Randiv,2010-2013,14,10,7.97,2010,2013,4
1112,FJ Klaassen,2021-2022,11,10,6.0,2021,2022,2
1113,AA Kulkarni,2023-2024,14,10,9.53,2023,2024,2
1114,BJ McCarthy,2022-2024,10,10,8.03,2022,2024,3
1115,Mohammad Umar,2021-2023,10,10,9.47,2021,2023,3
1116,R Mondol,2023-2025,11,10,9.13,2023,2025,3
1117,Mohor Sheikh,2019-2025,11,10,9.25,2019,2025,7
1118,JM Muirhead,2012-2018,11,10,8.1,2012,2018,7
1119,Nabam Tempol,2019-2024,16,10,8.57,2019,2024,6
1120,F O'Neill,2024-2025,10,10,7.19,2024,2025,2
1121,D Olivier,2020-2020,9,10,10.16,2020,2020,1
1122,Akshat R Pandey,2016-2024,21,10,9.43,2016,2024,9
1123,MK Pandey,2007-2024,275,10,7.57,2007,2024,18
1124,H Parab,2019-2024,10,10,9.71,2019,2024,6
1125,A Phillip,2016-2022,20,10,9.45,2016,2022,7
1126,Qazi Onik,2017-2023,9,10,9.24,2017,2023,7
1127,SA Roy,2012-2024,53,10,6.4,2012,2024,13
1128,Saim Ayub,2021-2024,52,10,7.67,2021,2024,4
1129,BP Sandeep,2013-2021,47,10,6.97,2013,2021,9
1130,BM Scholtz,2021-2024,14,10,6.33,2021,2024,4
1131,KS Sharma,2021-2024,29,10,6.32,2021,2024,4
1132,RR Simmonds,2022-2024,12,10,8.7,2022,2024,3
1133,MJ Suthar,2022-2024,15,10,7.05,2022,2024,3
1134,AK Thakur,2007-2010,9,10,6.9,2007,2010,4
1135,T Thushara,2009-2010,7,10,7.62,2009,2010,2
1136,K Tripathi,2022-2024,8,10,7.0,2022,2024,3
1137,DP Vijaykumar,2007-2010,18,10,8.17,2007,2010,4
1138,Vishal Jayswal,2022-2024,9,10,7.62,2022,2024,3
1139,LJ Wright,2007-2018,103,10,8.86,2007,2018,12
1140,Zia-ul-Haq,2016-2024,10,10,8.54,2016,2024,9
1141,NP Kenjige,2024-2024,10,9,7.6,2024,2024,1
1142,Ahmed Daniyal,2021-2022,13,9,9.35,2021,2022,2
1143,Ankur Malik,2022-2024,20,9,9.15,2022,2024,3
1144,P Aziz,2007-2019,27,9,6.95,2007,2019,13
1145,A Badoni,2021-2024,71,9,7.93,2021,2024,4
1146,JT Ball,2021-2021,7,9,11.12,2021,2021,1
1147,BM Chingakham,2022-2024,21,9,8.79,2022,2024,3
1148,AS Desai,2013-2021,36,9,7.48,2013,2021,9
1149,DR Deshmukh,2019-2019,7,9,9.92,2019,2019,1
1150,T Doria,2019-2024,36,9,8.46,2019,2024,6
1151,HS Dubey,2021-2024,16,9,6.78,2021,2024,4
1152,SM Ervine,2012-2017,20,9,9.08,2012,2017,6
1153,AD Galiem,2024-2025,14,9,10.1,2024,2025,2
1154,S Ganga,2009-2013,14,9,7.76,2009,2013,5
1155,SG Gehlot,2007-2012,8,9,6.92,2007,2012,6
1156,BD Glover,2021-2022,5,9,6.26,2021,2022,2
1157,AN Guleria,2023-2024,7,9,7.26,2023,2024,2
1158,Gurjapneet Singh,2024-2024,5,9,9.82,2024,2024,1
1159,SR Harmer,2023-2025,23,9,8.0,2023,2025,3
1160,JM Holland,2009-2020,22,9,8.28,2009,2020,12
1161,Ibtisam Sheikh,2018-2019,8,9,7.41,2018,2019,2
1162,KA Jamieson,2021-2021,9,9,9.6,2021,2021,1
1163,D Jansen,2022-2023,13,9,8.76,2022,2023,2
1164,S Joseph,2023-2024,11,9,9.52,2023,2024,2
1165,I Karthik Raman,2016-2019,8,9,10.64,2016,2019,4
1166,Keshav Kumar,2007-2019,28,9,7.11,2007,2019,13
1167,RK Kleinveldt,2009-2014,9,9,9.61,2009,2014,6
1168,MA Leask,2016-2024,16,9,7.79,2016,2024,9
1169,S Milenko,2014-2020,42,9,10.09,2014,2020,7
1170,DS Mohanty,2007-2007,8,9,6.73,2007,2007,1
1171,Mohit Rathee,2023-2024,13,9,7.9,2023,2024,2
1172,D Mongia,2007-2007,10,9,6.05,2007,2007,1
1173,DJM Moody,2019-2023,10,9,8.79,2019,2023,5
1174,PWA Mulder,2023-2025,32,9,9.65,2023,2025,3
1175,Nadeem Ahmed,2014-2016,6,9,6.78,2014,2016,3
1176,R Negi,2009-2016,15,9,7.37,2009,2016,8
1177,T Neri,2019-2023,27,9,8.85,2019,2023,5
1178,Nishan Singh,2017-2017,5,9,8.91,2017,2017,1
1179,A Panwar,2024-2024,6,9,9.57,2024,2024,1
1180,T Panyangara,2014-2016,6,9,7.69,2014,2016,3
1181,SB Patra,2015-2015,4,9,7.72,2015,2015,1
1182,DJ Pattinson,2012-2013,9,9,7.67,2012,2013,2
1183,G Periyaswamy,2019-2021,9,9,7.54,2019,2021,3
1184,MV Pithiya,2022-2024,16,9,6.4,2022,2024,3
1185,DB Prasanth,2013-2021,48,9,7.7,2013,2021,9
1186,GD Putland,2010-2016,14,9,8.38,2010,2016,7
1187,MT Renshaw,2018-2025,80,9,7.8,2018,2025,8
1188,Robiul Haque,2019-2023,11,9,9.94,2019,2023,5
1189,JE Root,2012-2025,31,9,7.68,2012,2025,14
1190,PM Sahani,2015-2023,53,9,7.69,2015,2023,9
1191,AR Sanganakal,2019-2021,12,9,7.38,2019,2021,3
1192,RA Sharma,2023-2024,7,9,6.76,2023,2024,2
1193,Shivam Sharma,2014-2016,8,9,7.91,2014,2016,3
1194,JA Sinclair,2022-2024,17,9,7.94,2022,2024,3
1195,K Sinclair,2020-2024,15,9,6.51,2020,2024,5
1196,PS Singh,2023-2024,7,9,8.19,2023,2024,2
1197,SR Singh,2007-2011,11,9,7.04,2007,2011,5
1198,A Singhania,2019-2021,16,9,7.15,2019,2021,3
1199,M Singpho,2019-2023,18,9,9.63,2019,2023,5
1200,R Sonu Yadav,2021-2024,6,9,7.25,2021,2024,4
1201,P Subrayen,2014-2025,12,9,7.55,2014,2025,12
1202,JA Thompson,2018-2022,14,9,9.5,2018,2022,5
1203,JJ van der Wath,2007-2011,8,9,8.71,2007,2011,5
1204,S von Berg,2018-2018,3,9,5.5,2018,2018,1
1205,K Yadav,2010-2010,5,9,5.38,2010,2010,1
1206,Swapan Das,2009-2016,16,8,7.26,2009,2016,8
1207,Abhishek Kumar,2022-2022,7,8,8.31,2022,2022,1
1208,SL Akshay,2011-2013,9,8,7.58,2011,2013,3
1209,JM Anderson,2007-2009,9,8,7.2,2007,2009,3
1210,A Aravinddaraj,2019-2023,14,8,8.89,2019,2023,5
1211,Arif Yaqoob,2024-2024,5,8,8.87,2024,2024,1
1212,Asif Afridi,2022-2022,5,8,6.52,2022,2022,1
1213,SS Bandiwar,2013-2016,10,8,7.98,2013,2016,4
1214,CD Barnwell,2010-2019,59,8,10.28,2010,2019,10
1215,RR Biswa,2019-2022,20,8,7.9,2019,2022,4
1216,NW Bracken,2007-2009,8,8,6.91,2007,2009,3
1217,Y Chaudhary,2021-2024,15,8,5.95,2021,2024,4
1218,JM Chauhan,2019-2019,6,8,5.72,2019,2019,1
1219,RK Choudhary,2023-2024,5,8,6.36,2023,2024,2
1220,SD Chowdhury,2007-2010,10,8,6.12,2007,2010,4
1221,PD Collingwood,2007-2012,35,8,8.91,2007,2012,6
1222,S Colombage,2020-2021,9,8,7.96,2020,2021,2
1223,KJ Cottoy,2015-2021,11,8,6.18,2015,2021,7
1224,SJ Coyte,2011-2014,13,8,7.01,2011,2014,4
1225,RS D'Souza,2007-2011,10,8,7.82,2007,2011,5
1226,Dhiraj Singh,2010-2017,5,8,5.47,2010,2017,8
1227,RH Dias,2018-2024,9,8,8.78,2018,2024,7
1228,LHD Dilhara,2013-2013,4,8,6.75,2013,2013,1
1229,LA Doran,2011-2014,14,8,7.11,2011,2014,4
1230,CN Greaves,2021-2024,15,8,7.96,2021,2024,4
1231,Sunny Gupta,2007-2018,17,8,6.87,2007,2018,12
1232,Gurkeerat Singh,2011-2023,119,8,7.08,2011,2023,13
1233,RM Hira,2011-2012,8,8,6.96,2011,2012,2
1234,Hunain Shah,2024-2024,10,8,9.5,2024,2024,1
1235,MD Ingale,2019-2022,10,8,8.59,2019,2022,4
1236,V Jain,2007-2007,4,8,5.78,2007,2007,1
1237,Javed Khan,2014-2014,4,8,5.53,2014,2014,1
1238,SP Jobanputra,2007-2011,7,8,8.09,2007,2011,5
1239,KR Kakade,2019-2023,19,8,7.25,2019,2023,5
1240,Karan Kaila,2019-2023,15,8,6.52,2019,2023,5
1241,JM Kemp,2007-2014,22,8,8.45,2007,2014,8
1242,M Khatri,2010-2013,8,8,7.0,2010,2013,4
1243,YV Krishanatry,2010-2014,8,8,8.07,2010,2014,5
1244,AS Kushwah,2016-2022,8,8,7.56,2016,2022,7
1245,Lee Yong Lepcha,2019-2024,34,8,10.17,2019,2024,6
1246,JB Lintott,2021-2022,8,8,6.26,2021,2022,2
1247,WK McCallan,2009-2009,5,8,7.02,2009,2009,1
1248,PHKD Mendis,2020-2024,42,8,8.85,2020,2024,5
1249,Mohammad Mohsin,2020-2024,11,8,8.12,2020,2024,5
1250,KV Morea,2021-2024,5,8,7.1,2021,2024,4
1251,A Mourya,2019-2022,13,8,8.63,2019,2022,4
1252,D Naren Reddy,2013-2021,19,8,6.15,2013,2021,9
1253,M Negi,2023-2024,11,8,7.4,2023,2024,2
1254,V Nigam,2024-2024,7,8,7.12,2024,2024,1
1255,C Overton,2025-2025,6,8,6.4,2025,2025,1
1256,MJ Owen,2021-2025,27,8,9.83,2021,2025,5
1257,RS Paliwal,2013-2024,66,8,7.32,2013,2024,12
1258,A Parkar,2015-2021,13,8,9.5,2015,2021,7
1259,CK Paul,2013-2024,17,8,7.47,2013,2024,12
1260,VM Prabhudessai,2018-2021,10,8,10.21,2018,2021,4
1261,TJG Pringle,2022-2024,10,8,6.76,2022,2024,3
1262,Y Prithvi Raj,2019-2023,5,8,11.76,2019,2023,5
1263,SMA Priyanjan,2012-2023,19,8,8.39,2012,2023,12
1264,Raja Farzan,2018-2020,5,8,7.56,2018,2020,3
1265,WB Rankin,2009-2016,10,8,7.06,2009,2016,8
1266,YB Rawat,2015-2015,8,8,6.68,2015,2015,1
1267,LM Reece,2017-2020,10,8,6.76,2017,2020,4
1268,Remruatdika Ralte,2021-2023,17,8,8.58,2021,2023,3
1269,SKSP Roul,2021-2023,8,8,9.65,2021,2023,3
1270,SE Rutherford,2018-2025,130,8,9.07,2018,2025,8
1271,JD Ryder,2009-2017,40,8,7.98,2009,2017,9
1272,Sachin Baby,2011-2024,102,8,7.83,2011,2024,14
1273,C Sakure,2017-2017,3,8,7.25,2017,2017,1
1274,Santosh Lal,2007-2010,6,8,8.33,2007,2010,4
1275,A Sen,2019-2023,19,8,7.58,2019,2023,5
1276,Shivam Shukla,2024-2024,8,8,6.3,2024,2024,1
1277,Shivendra Singh,2018-2021,13,8,7.49,2018,2021,4
1278,Shubham Singh,2019-2023,10,8,8.0,2019,2023,5
1279,SG Singh,2015-2024,16,8,7.82,2015,2024,10
1280,SI Sopariya,2023-2023,10,8,6.25,2023,2023,1
1281,S Sureshnath,2009-2011,5,8,7.26,2009,2011,3
1282,Suryansh Shedge,2024-2024,9,8,9.27,2024,2024,1
1283,Swarajeet Das,2019-2024,24,8,10.14,2019,2024,6
1284,AB Tanwar,2016-2022,10,8,6.11,2016,2022,7
1285,DHAP Tharanga,2020-2022,10,8,8.37,2020,2022,3
1286,GC Tonge,2013-2014,7,8,8.16,2013,2014,2
1287,C Valente,2018-2021,14,8,9.08,2018,2021,4
1288,KL Vanrotlinga,2024-2024,7,8,10.0,2024,2024,1
1289,Y Venugopal Rao,2007-2014,83,8,8.78,2007,2014,8
1290,Vishal Gaur,2024-2024,6,8,8.9,2024,2024,1
1291,Vivrant Sharma,2021-2024,24,8,7.97,2021,2024,4
1292,SD Vohra,2007-2010,4,8,5.19,2007,2010,4
1293,N Wagner,2009-2013,8,8,7.63,2009,2013,5
1294,UWMBCA Welegedara,2009-2010,7,8,8.58,2009,2010,2
1295,A Mangaraj,2007-2015,11,7,7.58,2007,2015,9
1296,Gaurav Gambhir,2019-2021,9,7,4.88,2019,2021,3
1297,A Absolem,2007-2010,9,7,6.7,2007,2010,4
1298,KR Adhav,2009-2010,7,7,6.8,2009,2010,2
1299,CK Akshay,2013-2014,7,7,7.44,2013,2014,2
1300,K Ashwin Hebbar,2015-2024,59,7,9.07,2015,2024,10
1301,T Atchuta Rao,2013-2014,6,7,7.45,2013,2014,2
1302,HK Badani,2007-2011,18,7,6.5,2007,2011,5
1303,SA Badiuzzama,2013-2014,9,7,7.57,2013,2014,2
1304,A Chahal,2018-2019,7,7,8.0,2018,2019,2
1305,S Chaudhary,2017-2024,34,7,7.53,2017,2024,8
1306,GJ Delany,2021-2024,13,7,7.82,2021,2024,4
1307,S Dhaliwal,2014-2024,29,7,7.13,2014,2024,11
1308,Dhruv Singh,2007-2013,25,7,6.54,2007,2013,7
1309,ND Doshi,2010-2011,8,7,7.2,2010,2011,2
1310,VV Gite,2019-2019,9,7,8.63,2019,2019,1
1311,J Glen,2019-2020,13,7,5.9,2019,2020,2
1312,AA Gogoi,2019-2019,6,7,6.57,2019,2019,1
1313,Himan Phukan,2021-2024,9,7,7.96,2021,2024,4
1314,Jasdeep Singh,2024-2024,6,7,8.42,2024,2024,1
1315,DT Johnston,2009-2012,8,7,7.57,2009,2012,4
1316,AS Karambelkar,2012-2019,19,7,8.34,2012,2019,8
1317,SK Kashyap,2021-2023,9,7,7.92,2021,2023,3
1318,SA Khadir,2019-2019,7,7,9.86,2019,2019,1
1319,Krishan Alang,2019-2021,6,7,7.68,2019,2021,3
1320,NM Kulkarni,2007-2007,8,7,5.75,2007,2007,1
1321,DT Kumaran,2007-2007,4,7,8.85,2007,2007,1
1322,Lalit Yadav,2017-2023,10,7,7.68,2017,2023,7
1323,DW Lawrence,2020-2025,12,7,8.23,2020,2025,6
1324,KS Lokuarachchi,2009-2013,11,7,9.75,2009,2013,5
1325,SCG MacGill,2011-2012,8,7,6.64,2011,2012,2
1326,V Manoharan,2014-2019,11,7,8.0,2014,2019,6
1327,KT Maphaka,2024-2025,11,7,10.36,2024,2025,2
1328,SM Meherob,2024-2025,10,7,7.17,2024,2025,2
1329,SS Mishra,2023-2023,4,7,9.37,2023,2023,1
1330,Mohammad Ashraful,2007-2019,41,7,8.78,2007,2019,13
1331,Mohammad Sharif,2013-2017,17,7,8.78,2013,2017,5
1332,TL Moreki,2018-2018,3,7,7.66,2018,2018,1
1333,SD Nadkarni,2009-2009,5,7,6.17,2009,2009,1
1334,Nazmul Hossain,2012-2013,7,7,8.8,2012,2013,2
1335,N Nitin Sai Yadav,2024-2024,4,7,6.93,2024,2024,1
1336,VK Ostwal,2022-2024,8,7,6.48,2022,2024,3
1337,MK Patel,2021-2021,9,7,9.29,2021,2021,1
1338,SA Patterson,2012-2018,7,7,7.71,2012,2018,7
1339,KP Pietersen,2007-2018,127,7,7.77,2007,2018,12
1340,Prashant K Singh,2019-2024,8,7,7.44,2019,2024,6
1341,C Raghu,2007-2007,9,7,7.7,2007,2007,1
1342,PVSN Raju,2024-2024,7,7,8.23,2024,2024,1
1343,H Rathod,2021-2024,10,7,8.39,2021,2024,4
1344,SS Rathour,2016-2021,16,7,6.11,2016,2021,6
1345,KTH Ratnayake,2021-2022,8,7,6.9,2021,2022,2
1346,KC Raval,2011-2014,12,7,6.15,2011,2014,4
1347,P Ray Barman,2019-2024,9,7,8.4,2019,2024,6
1348,B Rout,2021-2021,5,7,7.6,2021,2021,1
1349,RH Saha,2007-2014,14,7,6.29,2007,2014,8
1350,Salauddin Sakil,2019-2024,6,7,8.43,2019,2024,6
1351,RS Sambyal,2010-2016,6,7,7.35,2010,2016,7
1352,P Saravana Kumar,2021-2021,3,7,9.55,2021,2021,1
1353,PM Seelaar,2009-2021,15,7,7.2,2009,2021,13
1354,JN Shah,2007-2017,36,7,8.48,2007,2017,11
1355,M Shahrukh Khan,2014-2024,97,7,8.14,2014,2024,11
1356,HS Sharath,2014-2015,9,7,6.46,2014,2015,2
1357,Shoaib Md Khan,2017-2022,15,7,7.18,2017,2022,6
1358,KI Simmonds,2023-2025,9,7,7.45,2023,2025,3
1359,KP Singh,2019-2024,34,7,9.01,2019,2024,6
1360,PJ Singh,2024-2024,6,7,7.66,2024,2024,1
1361,JJ Smit,2021-2024,15,7,7.91,2021,2024,4
1362,Sompal Kami,2014-2024,6,7,5.55,2014,2024,11
1363,PR Stirling,2009-2025,66,7,8.03,2009,2025,17
1364,Sumit Lama,2019-2021,10,7,9.42,2019,2021,3
1365,B Swanepoel,2024-2025,7,7,8.5,2024,2025,2
1366,P Thamaraikannan,2019-2021,9,7,8.26,2019,2021,3
1367,NT Tilak Varma,2019-2024,74,7,7.68,2019,2024,6
1368,TC Vanlalremruata,2023-2023,7,7,7.78,2023,2023,1
1369,G Vignesh,2010-2011,5,7,5.94,2010,2011,2
1370,KM Waingankar,2009-2013,6,7,8.21,2009,2013,5
1371,C Wickramasinghe,2022-2024,10,7,10.64,2022,2024,3
1372,JP Zope,2017-2018,7,7,8.48,2017,2018,2
1373,Abdul Basith,2022-2024,23,6,7.45,2022,2024,3
1374,Abdur Rehman,2010-2016,4,6,8.21,2010,2016,7
1375,FD Adams,2023-2023,6,6,9.19,2023,2023,1
1376,DS Airee,2024-2024,3,6,5.15,2024,2024,1
1377,AA Ansari,2009-2015,9,6,8.21,2009,2015,7
1378,S Baig,2010-2019,12,6,8.21,2010,2019,10
1379,N Boje,2010-2011,10,6,7.34,2010,2011,2
1380,S Chakraborty,2014-2014,4,6,7.3,2014,2014,1
1381,TK Chanda,2007-2011,7,6,8.85,2007,2011,5
1382,H Chawla,2013-2016,23,6,7.68,2013,2016,4
1383,MJ Clarke,2007-2012,22,6,7.96,2007,2012,6
1384,MB Darshan,2021-2021,4,6,8.92,2021,2021,1
1385,PP Das,2015-2021,6,6,6.33,2015,2021,7
1386,TH David,2018-2025,177,6,8.37,2018,2025,8
1387,Dawlat Zadran,2012-2016,10,6,8.08,2012,2016,5
1388,Z de Bruyn,2009-2012,11,6,9.76,2009,2012,4
1389,AP Devcich,2014-2019,39,6,8.42,2014,2019,6
1390,Sunil M Dholpure,2007-2007,4,6,8.35,2007,2007,1
1391,MW Dixon,2014-2016,4,6,8.25,2014,2016,3
1392,RM Duffield,2012-2015,7,6,8.91,2012,2015,4
1393,N Dutta,2015-2024,5,6,8.43,2015,2024,10
1394,SA Engelbrecht,2009-2024,8,6,7.3,2009,2024,16
1395,Farman Ahmed,2009-2012,11,6,7.47,2009,2012,4
1396,AJ Finch,2010-2024,219,6,9.2,2010,2024,15
1397,Gajendra Singh,2024-2024,3,6,7.9,2024,2024,1
1398,AN Garhwal,2014-2023,34,6,6.37,2014,2023,10
1399,MR Gillespie,2007-2007,6,6,7.86,2007,2007,1
1400,L Guthrie,2021-2022,6,6,9.27,2021,2022,2
1401,Harpreet Singh,2010-2024,99,6,5.7,2010,2024,15
1402,CK Holder,2018-2020,7,6,10.33,2018,2020,3
1403,KM Jadhav,2007-2023,153,6,7.81,2007,2023,17
1404,RS Jaganath Sinivas,2023-2023,5,6,7.89,2023,2023,1
1405,P Jayachandra,2007-2007,8,6,6.76,2007,2007,1
1406,VM Jivrajani,2019-2019,5,6,7.05,2019,2019,1
1407,AA Joshi,2011-2021,30,6,7.4,2011,2021,11
1408,Kaleemullah,2021-2024,6,6,7.73,2021,2024,4
1409,SS Karmakar,2007-2007,5,6,6.31,2007,2007,1
1410,CA Karthik,2021-2021,5,6,5.66,2021,2021,1
1411,S Kaushik,2016-2017,10,6,8.73,2016,2017,2
1412,MA Khote,2007-2008,11,6,8.5,2007,2008,2
1413,V Kohli,2007-2024,308,6,8.92,2007,2024,18
1414,J Kousik,2016-2021,11,6,7.29,2016,2021,6
1415,Kunal Yadav,2024-2024,5,6,10.76,2024,2024,1
1416,A Lalith Mohan,2021-2023,8,6,7.77,2021,2023,3
1417,Lalnunkima Varte,2019-2021,12,6,9.18,2019,2021,3
1418,HA Majmudar,2007-2007,4,6,5.64,2007,2007,1
1419,Manzoor Dar,2017-2021,23,6,7.66,2017,2021,5
1420,Mehran Khan,2016-2024,7,6,8.0,2016,2024,9
1421,D Mohammed,2009-2013,10,6,6.84,2009,2013,5
1422,MT Mukherjee,2013-2015,5,6,6.82,2013,2015,3
1423,AS Naidu,2007-2011,14,6,7.72,2007,2011,5
1424,Nawaz Khan,2023-2024,10,6,9.65,2023,2024,2
1425,Najmul Hossain Shanto,2016-2025,103,6,7.41,2016,2025,10
1426,Nipan Deka,2018-2024,10,6,10.56,2018,2024,7
1427,JA Odedra,2009-2014,7,6,7.2,2009,2014,6
1428,RV Pawar,2007-2009,8,6,8.13,2007,2009,3
1429,D Potgieter,2023-2025,23,6,9.28,2023,2025,3
1430,PK Pradhan,2024-2024,3,6,10.25,2024,2024,1
1431,A Pratap Singh,2013-2016,3,6,5.08,2013,2016,4
1432,W Prestwidge,2022-2025,6,6,9.48,2022,2025,4
1433,SA Quadri,2010-2011,6,6,8.08,2010,2011,2
1434,Rameez Khan,2010-2013,16,6,7.4,2010,2013,4
1435,A Rasool,2009-2013,7,6,6.92,2009,2013,5
1436,R Ravi Kumar,2022-2023,5,6,8.4,2022,2023,2
1437,DB Ravi Teja,2007-2021,89,6,7.85,2007,2021,15
1438,PIS Reddy,2007-2010,6,6,5.52,2007,2010,4
1439,RR Richards,2013-2013,4,6,7.15,2013,2013,1
1440,CJ Rocchiccioli,2023-2023,5,6,8.55,2023,2023,1
1441,SP Roshan Kumar,2024-2024,7,6,13.7,2024,2024,1
1442,Sabbir Rahman,2012-2025,124,6,6.81,2012,2025,14
1443,S Saini,2019-2021,9,6,6.73,2019,2021,3
1444,K Saiteja,2023-2023,5,6,8.66,2023,2023,1
1445,SS Santhamoorthy,2019-2021,3,6,8.5,2019,2021,3
1446,Sanvir Singh,2021-2024,36,6,9.25,2021,2024,4
1447,RG Sharma,2007-2007,4,6,7.83,2007,2007,1
1448,Shiraz Ahmed,2021-2022,7,6,9.34,2021,2022,2
1449,Shivam Sharma,2021-2024,8,6,6.59,2021,2024,4
1450,Shoaib Akhtar,2008-2010,5,6,9.0,2008,2010,3
1451,SU Shrivastava,2009-2019,40,6,7.97,2009,2019,11
1452,HV Singh,2019-2023,12,6,9.83,2019,2023,5
1453,TP Singh,2007-2011,17,6,8.2,2007,2011,5
1454,VD Solanki,2007-2007,7,6,6.43,2007,2007,1
1455,WER Somerville,2016-2018,9,6,6.7,2016,2018,3
1456,Sourav Dey,2023-2023,10,6,9.09,2023,2023,1
1457,ND Stewart,2009-2016,23,6,9.29,2009,2016,8
1458,AS Thakare,2021-2021,4,6,5.54,2021,2021,1
1459,DJ Thornely,2008-2013,21,6,7.42,2008,2013,6
1460,P Utseya,2007-2014,9,6,6.64,2007,2014,8
1461,Vivek Kumar,2019-2019,9,6,8.36,2019,2019,1
1462,MTC Waller,2009-2011,5,6,6.85,2009,2011,3
1463,CM Willoughby,2009-2009,4,6,9.2,2009,2009,1
1464,SA Yadav,2010-2024,242,6,6.36,2010,2024,15
1465,SG Yadav,2010-2011,6,6,8.26,2010,2011,2
1466,AB Sonkar,2009-2009,5,5,5.36,2009,2009,1
1467,LL Samal,2009-2018,18,5,6.75,2009,2018,10
1468,Omar Alam,2016-2016,3,5,6.09,2016,2016,1
1469,Aaqib Khan,2021-2024,4,5,6.52,2021,2024,4
1470,Aayush Singh,2024-2024,2,5,4.16,2024,2024,1
1471,Abhishek Mohan,2018-2019,4,5,8.06,2018,2019,2
1472,Adnan Rasool,2014-2016,9,5,8.11,2014,2016,3
1473,Akeem Jordan,2019-2023,3,5,10.62,2019,2023,5
1474,Anurag Singh,2013-2015,4,5,6.33,2013,2015,3
1475,Avneesh Sudha,2019-2024,29,5,8.77,2019,2024,6
1476,Azeem Rafiq,2012-2012,6,5,7.39,2012,2012,1
1477,NP Basil,2022-2024,4,5,7.43,2022,2024,3
1478,NB Beard,2013-2013,6,5,7.72,2013,2013,1
1479,FD Bhaja,2009-2011,6,5,10.06,2009,2011,3
1480,R Bist,2007-2021,38,5,7.4,2007,2021,15
1481,D Brevis,2022-2025,55,5,8.66,2022,2025,4
1482,BA Carse,2023-2023,9,5,9.11,2023,2023,1
1483,PB Chakraborty,2014-2014,5,5,5.0,2014,2014,1
1484,ARPS Chauhan,2010-2018,10,5,8.66,2010,2018,9
1485,SJ Cook,2024-2024,2,5,10.46,2024,2024,1
1486,AG Cremer,2010-2017,7,5,6.8,2010,2017,8
1487,SS Dhuri,2007-2011,8,5,7.28,2007,2011,5
1488,AP Dole,2010-2010,3,5,10.18,2010,2010,1
1489,G Elaizar,2007-2011,5,5,5.25,2007,2011,5
1490,MG Erasmus,2021-2024,15,5,6.47,2021,2024,4
1491,Farhad Hossain,2012-2013,13,5,7.5,2012,2013,2
1492,Farmanullah,2024-2025,7,5,9.63,2024,2025,2
1493,Gagandeep Singh,2023-2024,11,5,7.37,2023,2024,2
1494,MG Gale,2013-2014,6,5,8.01,2013,2014,2
1495,SP Gauchan,2014-2014,3,5,6.72,2014,2014,1
1496,Girish Rauturi,2019-2021,9,5,10.0,2019,2021,3
1497,SM Gugale,2015-2021,18,5,9.52,2015,2021,7
1498,LJP Gunaratne,2011-2011,2,5,5.87,2011,2011,1
1499,Harvinder Singh,2007-2007,8,5,6.4,2007,2007,1
1500,D Heyliger,2024-2024,3,5,5.0,2024,2024,1
1501,Himanshu Singh,2024-2024,7,5,8.15,2024,2024,1
1502,MG Hogan,2012-2013,8,5,8.07,2012,2013,2
1503,A Jadhav,2007-2009,9,5,6.27,2007,2009,3
1504,GSNFG Jayasuriya,2013-2024,20,5,8.74,2013,2024,12
1505,Jishan Alam,2024-2025,9,5,7.8,2024,2025,2
1506,ROO Jordan,2014-2014,4,5,9.66,2014,2014,1
1507,A Kant Singh,2017-2019,5,5,7.95,2017,2019,3
1508,Karan Dagar,2019-2019,2,5,3.62,2019,2019,1
1509,SP Kirby,2011-2011,4,5,7.9,2011,2011,1
1510,N Kohli,2021-2021,7,5,9.29,2021,2021,1
1511,A Konwar,2009-2010,8,5,6.7,2009,2010,2
1512,Kranthi Kumar,2015-2021,8,5,7.76,2015,2021,7
1513,Kshitiz Sharma,2013-2023,25,5,7.08,2013,2023,11
1514,C Kyewuta,2024-2024,4,5,7.36,2024,2024,1
1515,Lalhruaizela,2019-2023,28,5,8.16,2019,2023,5
1516,AR Lamba,2018-2021,6,5,8.77,2018,2021,4
1517,RA Lewis,2019-2020,8,5,7.75,2019,2020,2
1518,CJ Liddle,2013-2013,9,5,7.88,2013,2013,1
1519,AR McBrine,2014-2016,5,5,9.18,2014,2016,3
1520,JM McMillan,2013-2013,5,5,6.05,2013,2013,1
1521,M Manhas,2007-2017,91,5,8.07,2007,2017,11
1522,CS Martin,2007-2011,6,5,7.47,2007,2011,5
1523,B Masaba,2024-2024,4,5,5.75,2024,2024,1
1524,WP Masakadza,2016-2022,4,5,7.21,2016,2022,7
1525,M Matthew,2014-2014,8,5,9.08,2014,2014,1
1526,Mayank Rawat,2024-2024,9,5,7.84,2024,2024,1
1527,NE Mbhalati,2012-2012,5,5,8.31,2012,2012,1
1528,NA McSweeney,2020-2025,26,5,6.79,2020,2025,6
1529,P Mehra,2010-2012,14,5,6.17,2010,2012,3
1530,Mehran Mumtaz,2024-2024,5,5,6.63,2024,2024,1
1531,KH Meitei,2019-2021,13,5,8.91,2019,2021,3
1532,KP Meiyappan,2022-2022,3,5,6.25,2022,2022,1
1533,Milind Kumar,2010-2024,68,5,8.58,2010,2024,15
1534,Mohammad Abbas,2019-2019,3,5,5.75,2019,2019,1
1535,Mohammad Saddam,2016-2019,9,5,9.96,2016,2019,4
1536,Mominul Haque,2012-2024,85,5,8.0,2012,2024,13
1537,IA Moran,2012-2015,6,5,9.6,2012,2015,4
1538,Mukesh Sharma,2009-2010,9,5,6.43,2009,2010,2
1539,P Mukherjee,2007-2007,8,5,6.28,2007,2007,1
1540,Mustaq Beg,2022-2022,6,5,6.59,2022,2022,1
1541,Mustafa Iqbal,2014-2014,3,5,7.33,2014,2014,1
1542,K Nadeeshan,2020-2024,7,5,8.4,2020,2024,5
1543,Naman Dhir,2023-2024,19,5,7.85,2023,2024,2
1544,Nitesh Sedai,2019-2023,25,5,8.42,2019,2023,5
1545,Noor Hossain,2012-2013,8,5,7.6,2012,2013,2
1546,S Noushad,2011-2011,3,5,5.4,2011,2011,1
1547,TL O'Connell,2019-2024,9,5,8.56,2019,2024,6
1548,E O'Reilly,2010-2013,5,5,8.25,2010,2013,4
1549,S Pahal,2017-2017,5,5,6.47,2017,2017,1
1550,KS Parida,2007-2007,5,5,6.46,2007,2007,1
1551,SN Patel,2023-2023,5,5,11.05,2023,2023,1
1552,NJSR Prasad,2010-2010,4,5,7.35,2010,2010,1
1553,Pratyush Singh,2014-2021,23,5,7.64,2014,2021,8
1554,Prayash Singh,2018-2023,17,5,7.85,2018,2023,6
1555,AV Rai,2021-2021,5,5,9.66,2021,2021,1
1556,MM Raj,2021-2023,6,5,9.14,2021,2023,3
1557,SP Rathee,2011-2014,7,5,8.63,2011,2014,4
1558,MR Raut,2021-2022,10,5,8.0,2021,2022,2
1559,B Regmi,2014-2014,3,5,5.6,2014,2014,1
1560,Rinsangzela Hmamte,2021-2022,9,5,7.44,2021,2022,2
1561,Saju Datta,2013-2013,2,5,7.5,2013,2013,1
1562,Sakib Hussain,2022-2024,7,5,10.83,2022,2024,3
1563,SMLD Samarakoon,2021-2024,12,5,11.52,2021,2024,4
1564,Sameer Ali,2007-2011,5,5,6.5,2007,2011,5
1565,JJS Sangha,2018-2025,34,5,8.69,2018,2025,8
1566,H Sangwan,2019-2021,7,5,9.64,2019,2021,3
1567,Sanjit Saha,2019-2019,6,5,7.18,2019,2019,1
1568,AT Scaria,2024-2024,2,5,9.31,2024,2024,1
1569,Shahadat Hossain,2009-2019,10,5,9.41,2009,2019,11
1570,AK Sahoo,2007-2016,22,5,7.25,2007,2016,10
1571,Shoaib Ahmed,2009-2009,8,5,8.94,2009,2009,1
1572,Shubek Gill,2015-2015,3,5,7.41,2015,2015,1
1573,AK Shukla,2024-2024,4,5,7.78,2024,2024,1
1574,PK Singh,2007-2007,4,5,8.63,2007,2007,1
1575,RS Sodhi,2007-2010,14,5,7.87,2007,2010,4
1576,CB Sole,2023-2024,7,5,10.47,2023,2024,2
1577,CA Soper,2021-2024,6,5,7.81,2021,2024,4
1578,KR Sreejith,2010-2011,9,5,6.46,2010,2011,2
1579,K Sudharsan,2024-2024,3,5,6.75,2024,2024,1
1580,Sumon Khan,2019-2025,12,5,9.47,2019,2025,7
1581,Y Sunny Kumar Singh,2011-2011,4,5,7.3,2011,2011,1
1582,Sunny Kashyap,2019-2019,5,5,7.25,2019,2019,1
1583,Tanwir Afzal,2014-2016,6,5,6.41,2014,2016,3
1584,DT Tiripano,2016-2016,3,5,8.25,2016,2016,1
1585,A Uniyal,2007-2010,4,5,8.8,2007,2010,4
1586,A Vala,2021-2024,7,5,7.18,2021,2024,4
1587,RP Verma,2011-2013,4,5,7.8,2011,2013,3
1588,Vishal Das,2019-2019,6,5,7.29,2019,2019,1
1589,K Vivek Krishna,2010-2010,3,5,6.37,2010,2010,1
1590,RA Whiteley,2017-2023,20,5,9.17,2017,2023,7
1591,C Wijesinghe,2022-2022,7,5,8.62,2022,2022,1
1592,NP Winter,2014-2021,6,5,7.56,2014,2021,8
1593,BSK Yadav,2007-2007,3,5,5.86,2007,2007,1
1594,BE Young,2012-2013,5,5,6.66,2012,2013,2
1595,Zeeshan Maqsood,2016-2024,10,5,7.28,2016,2024,9
1596,SD Atitkar,2010-2011,9,4,8.88,2010,2011,2
1597,PK Panchal,2014-2023,59,4,7.54,2014,2023,10
1598,AB Sagar,2010-2010,1,4,7.25,2010,2010,1
1599,Sumeet Verma,2011-2024,54,4,7.17,2011,2024,14
1600,Abdul Samad,2019-2024,90,4,10.14,2019,2024,6
1601,Abhishek Sharma,2018-2018,4,4,8.27,2018,2018,1
1602,CN Ackermann,2021-2024,16,4,8.0,2021,2024,4
1603,Aftab Alam,2014-2025,5,4,8.23,2014,2025,12
1604,Agha Salman,2014-2024,31,4,7.39,2014,2024,11
1605,Ahmed Safi Abdullah,2020-2020,3,4,8.12,2020,2020,1
1606,Ahmed Shehzad,2009-2024,110,4,9.25,2009,2024,16
1607,NC Aiyappa,2011-2012,4,4,7.8,2011,2012,2
1608,Aizaz Khan,2014-2016,5,4,7.93,2014,2016,3
1609,Akash Luitel,2021-2022,11,4,7.34,2021,2022,2
1610,CJ Alexander,2010-2014,4,4,9.13,2010,2014,5
1611,Ali Shafique,2019-2020,4,4,7.28,2019,2020,2
1612,Aman Hakim Khan,2021-2023,25,4,8.15,2021,2023,3
1613,Aminul Islam,2019-2020,6,4,7.55,2019,2020,2
1614,Anwar Ahmed,2011-2013,5,4,6.73,2011,2013,3
1615,AK Argal,2010-2013,6,4,9.22,2010,2013,4
1616,Ariful Haque,2012-2025,93,4,11.68,2012,2025,14
1617,Arish Ali,2021-2022,2,4,9.14,2021,2022,2
1618,KIC Asalanka,2020-2024,59,4,7.79,2020,2024,5
1619,Ashish Singh,2017-2018,9,4,6.33,2017,2018,2
1620,Asif Ahmed,2012-2015,14,4,8.46,2012,2015,4
1621,M Aslam,2007-2007,4,4,7.0,2007,2007,1
1622,AP Bhattacharjee,2019-2019,8,4,6.42,2019,2019,1
1623,JG Bethell,2024-2025,8,4,6.8,2024,2025,2
1624,K Bharat Reddy,2007-2007,3,4,7.73,2007,2007,1
1625,K Bhurtel,2024-2024,3,4,5.12,2024,2024,1
1626,PR Bhut,2021-2023,7,4,7.52,2021,2023,3
1627,NR Bist,2010-2011,10,4,7.2,2010,2011,2
1628,PW Borren,2009-2016,12,4,7.38,2009,2016,8
1629,ND Buchanan,2011-2017,5,4,10.75,2011,2017,7
1630,LR Butterworth,2011-2012,4,4,7.97,2011,2012,2
1631,JL Carter,2013-2021,65,4,9.51,2013,2021,9
1632,HWR Cartwright,2012-2025,109,4,12.58,2012,2025,14
1633,AA Chakraborty,2018-2019,12,4,7.11,2018,2019,2
1634,SD Chitnis,2008-2016,34,4,9.5,2008,2016,9
1635,KC D'Costa,2015-2015,5,4,6.42,2015,2015,1
1636,R Dangwal,2019-2019,5,4,7.29,2019,2019,1
1637,K Das,2016-2019,11,4,7.0,2016,2019,4
1638,KS Das,2015-2019,8,4,7.61,2015,2019,5
1639,Delwar Hossain,2019-2020,5,4,8.68,2019,2020,2
1640,JD Desai,2007-2014,19,4,11.36,2007,2014,8
1641,Pratik Desai,2007-2021,11,4,8.51,2007,2021,15
1642,S Descarte,2023-2024,11,4,9.15,2023,2024,2
1643,PU Deshpande,2015-2021,26,4,8.53,2015,2021,7
1644,S Dhawan,2007-2024,277,4,8.25,2007,2024,18
1645,JG Dill,2024-2024,3,4,10.12,2024,2024,1
1646,Dolar Mahmud,2012-2015,6,4,10.45,2012,2015,4
1647,BG Drew,2012-2012,3,4,7.5,2012,2012,1
1648,N Edward,2024-2024,2,4,9.6,2024,2024,1
1649,AC Evans,2016-2021,5,4,8.75,2016,2021,6
1650,Fawad Alam,2007-2012,13,4,9.5,2007,2012,6
1651,Fayyaz Butt,2021-2024,3,4,8.37,2021,2024,4
1652,MVT Fernando,2020-2023,4,4,7.9,2020,2023,4
1653,VK Galetiya,2015-2023,2,4,6.0,2015,2023,9
1654,CH Gandhi,2021-2024,11,4,5.94,2021,2024,4
1655,RM Haq,2007-2009,3,4,9.25,2007,2009,3
1656,K Harish,2014-2014,3,4,7.9,2014,2014,1
1657,Haseeb Amjad,2014-2016,5,4,9.13,2014,2016,3
1658,M Hashim,2007-2010,4,4,8.07,2007,2010,4
1659,MJ Henry,2017-2024,8,4,11.02,2017,2024,8
1660,Hrishi Raj,2021-2021,2,4,9.71,2021,2021,1
1661,KAR Hodge,2018-2020,9,4,8.72,2018,2020,3
1662,Hossain Ali,2017-2017,4,4,10.14,2017,2017,1
1663,CA Ingram,2010-2025,141,4,9.0,2010,2025,16
1664,SK Ismail,2019-2021,5,4,9.05,2019,2021,3
1665,MP Jain,2021-2021,1,4,3.5,2021,2021,1
1666,S Jangir,2019-2022,5,4,6.69,2019,2022,4
1667,Jasmer Dhankhar,2022-2023,7,4,7.5,2022,2023,2
1668,NGRP Jayasuriya,2024-2024,4,4,8.92,2024,2024,1
1669,SK Jena,2010-2011,8,4,5.66,2010,2011,2
1670,VH Joshi,2009-2014,5,4,7.78,2009,2014,6
1671,Junaid Siddique,2022-2022,3,4,7.91,2022,2022,1
1672,JN Kalita,2019-2024,9,4,5.78,2019,2024,6
1673,RR Kanojia,2015-2017,10,4,6.53,2015,2017,3
1674,Kartikeya Kak,2021-2021,2,4,10.57,2021,2021,1
1675,SA Khare,2007-2007,4,4,5.5,2007,2007,1
1676,HP Kingston,2015-2017,5,4,11.16,2015,2017,3
1677,JP Kreusch,2010-2011,7,4,7.1,2010,2011,2
1678,PE Kruger,2024-2025,11,4,6.62,2024,2025,2
1679,AS Kuila,2015-2021,4,4,10.36,2015,2021,7
1680,S Kumar Singh,2021-2021,3,4,10.42,2021,2021,1
1681,Maaz Khan,2018-2020,4,4,9.0,2018,2020,3
1682,BE McGain,2010-2012,5,4,9.77,2010,2012,3
1683,LD Madushanka,2020-2023,13,4,8.8,2020,2023,4
1684,I Malhotra,2007-2012,11,4,8.37,2007,2012,6
1685,E Malinga,2024-2025,4,4,9.54,2024,2025,2
1686,Marshall Ayub,2012-2019,8,4,5.0,2012,2019,8
1687,JB Mohapatra,2024-2024,3,4,5.66,2024,2024,1
1688,TS Moirangthem,2019-2019,4,4,7.54,2019,2019,1
1689,JK Mukhiya,2014-2014,3,4,5.75,2014,2014,1
1690,KK Nair,2013-2024,163,4,7.05,2013,2024,12
1691,A Nao,2024-2024,4,4,5.61,2024,2024,1
1692,Nishunk Birla,2024-2024,6,4,9.56,2024,2024,1
1693,PS Painkra,2023-2023,5,4,10.12,2023,2023,1
1694,P Palawat,2024-2024,7,4,8.38,2024,2024,1
1695,Pankaj Kumar,2007-2007,5,4,5.84,2007,2007,1
1696,MB Parmar,2007-2011,7,4,8.52,2007,2011,5
1697,VM Parmar,2010-2014,5,4,6.2,2010,2014,5
1698,KP Patel,2017-2021,11,4,7.31,2017,2021,5
1699,RB Patel,2007-2007,2,4,4.97,2007,2007,1
1700,JA Patil,2007-2007,3,4,6.7,2007,2007,1
1701,R Pattnaik,2022-2024,16,4,8.77,2022,2024,3
1702,MDK Perera,2014-2020,10,4,7.25,2014,2020,7
1703,GG Peters,2025-2025,3,4,8.33,2025,2025,1
1704,BJ Phillips,2009-2009,3,4,8.0,2009,2009,1
1705,G Praneeth Kumar,2013-2015,6,4,7.23,2013,2015,3
1706,R Prasanna,2007-2010,7,4,6.91,2007,2010,4
1707,R Pratap Singh,2022-2024,11,4,10.15,2022,2024,3
1708,Puneet Yadav,2010-2017,35,4,8.45,2010,2017,8
1709,AR Ramjani,2024-2024,4,4,6.0,2024,2024,1
1710,Ranjeet Singh,2007-2007,2,4,5.6,2007,2007,1
1711,Raza Hasan,2012-2018,8,4,6.25,2012,2018,7
1712,D Rohit,2019-2023,34,4,9.28,2019,2023,5
1713,BB Roy,2013-2017,13,4,9.2,2013,2017,5
1714,P Sahu,2009-2016,15,4,7.67,2009,2016,8
1715,Sajedul Islam,2013-2015,4,4,6.68,2013,2015,3
1716,GV Sarath Babu,2010-2011,4,4,9.12,2010,2011,2
1717,P Sargade,2019-2019,6,4,5.9,2019,2019,1
1718,CP Schofield,2007-2007,4,4,7.16,2007,2007,1
1719,SS Shaikh,2009-2015,18,4,10.07,2009,2015,7
1720,Sharifullah,2017-2023,4,4,8.1,2017,2023,7
1721,NS Sharma,2024-2024,3,4,6.63,2024,2024,1
1722,Shubham Sharma,2021-2021,6,4,5.63,2021,2021,1
1723,SS Sharma,2015-2017,3,4,7.08,2015,2017,3
1724,PK Singh,2023-2024,3,4,10.37,2023,2024,2
1725,S Singh,2009-2009,2,4,5.25,2009,2009,1
1726,S Sriram,2007-2011,15,4,8.1,2007,2011,5
1727,T Stubbs,2022-2025,70,4,7.25,2022,2025,4
1728,Sufiyan Muqeem,2023-2023,5,4,8.69,2023,2023,1
1729,Sujit Yadav,2011-2011,2,4,5.75,2011,2011,1
1730,AA Surwar,2018-2018,4,4,8.0,2018,2018,1
1731,Tanbir Hayder,2016-2017,11,4,9.01,2016,2017,2
1732,Taranjitsingh Dhillon,2017-2021,3,4,7.18,2017,2021,5
1733,HT Tector,2021-2024,24,4,7.53,2021,2024,4
1734,DS Thilakaratne,2022-2022,3,4,8.5,2022,2022,1
1735,DC Thomas,2013-2022,87,4,12.0,2013,2022,10
1736,B Vinay Kumar,2024-2024,5,4,6.75,2024,2024,1
1737,AC Voges,2010-2018,80,4,8.41,2010,2018,9
1738,Waqar Ahmed,2013-2013,5,4,4.38,2013,2013,1
1739,CL White,2008-2020,150,4,10.6,2008,2020,13
1740,I Wijesundera,2024-2024,4,4,6.18,2024,2024,1
1741,CM Wright,2007-2009,3,4,9.8,2007,2009,3
1742,Yab Niya,2019-2023,18,4,10.93,2019,2023,5
1743,MH Yardy,2009-2010,8,4,6.2,2009,2010,2
1744,M Zondeki,2009-2009,5,4,7.16,2009,2009,1
1745,AR Bawne,2011-2024,42,3,6.92,2011,2024,14
1746,B Loomba,2009-2009,4,3,7.45,2009,2009,1
1747,BN Jadeja,2009-2009,4,3,6.44,2009,2009,1
1748,PSK Gupta,2011-2019,37,3,8.29,2011,2019,9
1749,R Suthesh,2010-2010,2,3,6.13,2010,2010,1
1750,Abhishek Bhat,2014-2017,5,3,8.84,2014,2017,4
1751,AR Adams,2011-2012,9,3,7.25,2011,2012,2
1752,Aditya Jadeja,2023-2023,7,3,7.61,2023,2023,1
1753,Aftab Ibrahim,2024-2024,3,3,8.71,2024,2024,1
1754,Ahsan Hafeez,2023-2024,6,3,10.0,2023,2024,2
1755,Aimal Khan,2023-2024,5,3,11.86,2023,2024,2
1756,MS Akhil,2021-2021,4,3,9.37,2021,2021,1
1757,S Akshay Jain,2019-2022,7,3,7.61,2019,2022,4
1758,Aks Swadhin,2022-2022,4,3,9.35,2022,2022,1
1759,Al-Amin,2015-2023,29,3,9.57,2015,2023,9
1760,K Alleyne,2021-2025,19,3,11.72,2021,2025,5
1761,M Ansari,2016-2016,3,3,10.87,2016,2016,1
1762,Arafat Khan,2022-2023,3,3,7.37,2022,2023,2
1763,B Arun Kumar,2011-2011,4,3,6.2,2011,2011,1
1764,Ashutosh Singh,2016-2024,17,3,5.5,2016,2024,9
1765,Asif Raza,2014-2014,6,3,5.6,2014,2014,1
1766,P Awasthi,2013-2019,13,3,6.68,2013,2019,7
1767,CB Bailey,2010-2010,5,3,9.3,2010,2010,1
1768,RT Bailey,2009-2009,4,3,6.0,2009,2009,1
1769,S Baliyan,2022-2022,5,3,8.0,2022,2022,1
1770,AA Bamal,2018-2018,5,3,5.85,2018,2018,1
1771,S Barik,2022-2022,5,3,9.13,2022,2022,1
1772,Basil Hameed,2022-2022,3,3,7.4,2022,2022,1
1773,M Beardman,2025-2025,2,3,7.2,2025,2025,1
1774,AS Bedi,2021-2024,5,3,8.5,2021,2024,4
1775,VM Bhardwaj,2014-2014,4,3,6.63,2014,2014,1
1776,Bhupender Chauhan,2023-2023,2,3,10.16,2023,2023,1
1777,ACR Birch,2019-2019,2,3,9.62,2019,2019,1
1778,Bishawnath Halder,2013-2013,7,3,6.95,2013,2013,1
1779,AP Bora,2024-2024,3,3,8.89,2024,2024,1
1780,DP Borah,2024-2024,5,3,10.62,2024,2024,1
1781,WG Bosisto,2017-2025,21,3,6.46,2017,2025,9
1782,AC Botha,2009-2010,5,3,6.0,2009,2010,2
1783,Mudassar Bukhari,2014-2016,10,3,6.78,2014,2016,3
1784,JA Burns,2012-2023,71,3,7.37,2012,2023,12
1785,Y Cariah,2013-2024,8,3,9.81,2013,2024,12
1786,S Chakraborty,2019-2023,12,3,8.36,2019,2023,5
1787,AR Chandran,2019-2021,4,3,9.44,2019,2021,3
1788,SSK Chaudhary,2023-2024,3,3,7.12,2023,2024,2
1789,NB Chauhan,2014-2014,3,3,10.44,2014,2014,1
1790,SK Cheruvathur,2007-2007,5,3,7.12,2007,2007,1
1791,Chetan Anand,2022-2022,5,3,8.62,2022,2022,1
1792,JA Chohan,2025-2025,4,3,6.66,2025,2025,1
1793,J Clark,2018-2018,2,3,9.4,2018,2018,1
1794,AP Das,2021-2021,9,3,8.0,2021,2021,1
1795,H Davids,2009-2018,34,3,7.58,2009,2018,10
1796,Deepak Dogra,2017-2017,2,3,7.37,2017,2017,1
1797,ST de Silva,2020-2021,11,3,11.21,2020,2021,2
1798,V Devendran,2007-2007,10,3,7.43,2007,2007,1
1799,R Dhanda,2022-2022,5,3,7.61,2022,2022,1
1800,NR Dhumal,2017-2019,3,3,7.33,2017,2019,3
1801,GS Dinusha,2023-2024,2,3,11.83,2023,2024,2
1802,J Drysdale,2024-2024,4,3,10.53,2024,2024,1
1803,BR Dunk,2011-2022,146,3,9.31,2011,2022,12
1804,A Dutt,2024-2024,2,3,5.71,2024,2024,1
1805,P Dutta,2023-2023,2,3,4.83,2023,2023,1
1806,Enamul Haque (2),2016-2024,7,3,5.25,2016,2024,9
1807,ADS Fletcher,2009-2024,209,3,8.03,2009,2024,16
1808,JS Floros,2011-2018,25,3,8.7,2011,2018,8
1809,RS Gavaskar,2007-2010,8,3,8.47,2007,2010,4
1810,NG Gehlot,2014-2014,8,3,8.47,2014,2014,1
1811,SS Ghosh,2021-2024,14,3,7.76,2021,2024,4
1812,JOA Gordon,2024-2024,3,3,7.33,2024,2024,1
1813,DMK Grant,2022-2022,2,3,6.0,2022,2022,1
1814,DC Green,2019-2019,4,3,10.5,2019,2019,1
1815,MD Gunathilaka,2014-2024,40,3,8.9,2014,2024,11
1816,NK Gupta,2021-2021,2,3,5.71,2021,2021,1
1817,AR Gupta,2014-2023,41,3,6.22,2014,2023,10
1818,OJ Hannon-Dalby,2012-2012,2,3,7.25,2012,2012,1
1819,AK Heal,2011-2012,4,3,7.16,2011,2012,2
1820,CW Henderson,2009-2011,7,3,6.82,2009,2011,3
1821,RD Hynniewta,2022-2024,6,3,8.16,2022,2024,3
1822,AV Jaiswal,2023-2023,5,3,13.75,2023,2023,1
1823,P Jayawickrama,2021-2023,4,3,6.41,2021,2023,3
1824,AA Jhunjhunwala,2007-2012,38,3,8.52,2007,2012,6
1825,Joginder Singh,2009-2011,9,3,6.94,2009,2011,3
1826,RD John,2024-2024,7,3,12.4,2024,2024,1
1827,MJ Johnston,2011-2012,7,3,8.33,2011,2012,2
1828,JK Kamande,2007-2007,2,3,12.0,2007,2007,1
1829,P Karia,2023-2023,2,3,6.12,2023,2023,1
1830,V Kashyap,2023-2023,2,3,8.0,2023,2023,1
1831,RP Kellepotha,2023-2024,3,3,7.5,2023,2024,2
1832,S Khajuria,2007-2010,5,3,7.35,2007,2010,4
1833,Khalid Usman,2018-2022,5,3,7.6,2018,2022,5
1834,Khawar Ali,2016-2021,5,3,7.33,2016,2021,6
1835,VJ Kingma,2024-2024,4,3,6.0,2024,2024,1
1836,AR Kumar,2010-2011,5,3,5.5,2010,2011,2
1837,S Lakshan,2021-2022,4,3,9.58,2021,2022,2
1838,Lalhmangaiha,2019-2022,21,3,9.38,2019,2022,4
1839,C Lamont,2018-2019,4,3,9.21,2018,2019,2
1840,C le Roux,2024-2024,5,3,8.68,2024,2024,1
1841,ER Links,2012-2012,4,3,8.16,2012,2012,1
1842,JS Louis,2016-2024,7,3,10.18,2016,2024,9
1843,ALR Lubana,2021-2024,8,3,8.92,2021,2024,4
1844,CA Lynn,2011-2025,227,3,7.25,2011,2025,15
1845,DL Maddy,2007-2007,4,3,8.66,2007,2007,1
1846,MK Mahale,2023-2024,7,3,10.27,2023,2024,2
1847,JT Makla,2009-2010,4,3,7.52,2009,2010,2
1848,Manish Sharma,2019-2019,3,3,7.22,2019,2019,1
1849,Manoj Singh,2007-2007,3,3,4.8,2007,2007,1
1850,MJ Mason,2010-2010,4,3,6.68,2010,2010,1
1851,DK Mathias,2015-2015,4,3,7.18,2015,2015,1
1852,H McKenzie,2023-2024,6,3,7.66,2023,2024,2
1853,Mohamed Safeequddin,2024-2024,2,3,9.0,2024,2024,1
1854,Mohammad Amir Khan,2020-2024,6,3,8.85,2020,2024,5
1855,Muhammad Faizan,2020-2021,9,3,10.28,2020,2021,2
1856,F Mohammed,2007-2007,4,3,8.93,2007,2007,1
1857,TNR Mohith,2024-2024,3,3,7.27,2024,2024,1
1858,Nabam Abo,2024-2024,7,3,8.8,2024,2024,1
1859,R Ninan,2011-2011,2,3,10.83,2011,2011,1
1860,P Nirala,2019-2019,6,3,7.83,2019,2019,1
1861,K Nitish Kumar Reddy,2021-2024,20,3,11.65,2021,2024,4
1862,Nizakat Khan,2014-2016,6,3,7.0,2014,2016,3
1863,K Noema-Barnett,2010-2010,4,3,7.41,2010,2010,1
1864,JL Ontong,2009-2014,12,3,8.58,2009,2014,6
1865,KD Pandey,2022-2024,8,3,10.7,2022,2024,3
1866,M Pasha,2007-2007,6,3,7.74,2007,2007,1
1867,M Perry,2021-2025,3,3,10.5,2021,2025,5
1868,GD Phillips,2017-2024,87,3,9.7,2017,2024,8
1869,DL Piedt,2014-2025,2,3,7.02,2014,2025,12
1870,K Pitman,2023-2024,3,3,10.22,2023,2024,2
1871,JE Poysden,2018-2018,2,3,6.0,2018,2018,1
1872,Rakesh Kumar,2009-2009,3,3,6.17,2009,2009,1
1873,AR Rana,2024-2024,3,3,5.83,2024,2024,1
1874,DB Rangi,2021-2022,8,3,7.1,2021,2022,2
1875,DS Rathi,2024-2024,2,3,2.71,2024,2024,1
1876,Ravi Kumar Yadav,2024-2024,4,3,6.27,2024,2024,1
1877,RR Rossouw,2009-2025,214,3,5.64,2009,2025,17
1878,Saad Nasim,2014-2018,14,3,6.75,2014,2018,5
1879,VK Saha,2016-2023,6,3,7.82,2016,2023,8
1880,Sahban Khan,2022-2022,6,3,5.85,2022,2022,1
1881,Sahil Lotra,2023-2024,8,3,6.85,2023,2024,2
1882,PS Sairam,2019-2019,6,3,7.0,2019,2019,1
1883,EN Sanketh,2021-2023,4,3,7.8,2021,2023,3
1884,AR Sharma,2018-2024,31,3,9.96,2018,2024,7
1885,RS Sharma,2021-2021,3,3,8.0,2021,2021,1
1886,SS Shaurya,2013-2014,4,3,5.89,2013,2014,2
1887,S Shekhar,2019-2019,3,3,6.76,2019,2019,1
1888,B Shikongo,2021-2024,5,3,10.75,2021,2024,4
1889,SS Shinde,2016-2018,4,3,8.91,2016,2018,3
1890,HV Shitoot,2007-2009,7,3,7.63,2007,2009,3
1891,Shykat Ali,2013-2024,25,3,8.76,2013,2024,12
1892,AAS Silva,2011-2011,1,3,7.25,2011,2011,1
1893,Simi Singh,2021-2022,7,3,8.7,2021,2022,2
1894,CJ Simmons,2014-2015,24,3,6.28,2014,2015,2
1895,RK Singh,2014-2024,120,3,10.08,2014,2024,11
1896,TK Singh,2019-2022,9,3,10.15,2019,2022,4
1897,VK Singh,2023-2024,13,3,7.6,2023,2024,2
1898,TAM Siriwardana,2011-2020,12,3,8.94,2011,2020,10
1899,MK Sivakumar,2007-2010,4,3,9.22,2007,2010,4
1900,DI Stevens,2012-2015,25,3,7.5,2012,2015,4
1901,C Stow,2025-2025,2,3,7.75,2025,2025,1
1902,Syed Rasel,2007-2012,8,3,8.6,2007,2012,6
1903,P Tapaswi,2021-2023,5,3,8.37,2021,2023,3
1904,YB Tembhare,2015-2015,3,3,7.87,2015,2015,1
1905,BM Tickner,2022-2022,3,3,9.71,2022,2022,1
1906,AS Tiwari,2016-2018,6,3,8.23,2016,2018,3
1907,S Upadhyay,2007-2009,6,3,5.09,2007,2009,3
1908,PS Valsangkar,2018-2019,8,3,8.0,2018,2019,2
1909,SC van Schalkwyk,2009-2024,7,3,9.06,2009,2024,16
1910,N Vanua,2021-2024,6,3,5.37,2021,2024,4
1911,PR Veer,2023-2023,2,3,5.16,2023,2023,1
1912,AS Verma,2007-2010,9,3,7.21,2007,2010,4
1913,Vikas Kumar,2024-2024,3,3,6.16,2024,2024,1
1914,I Wardlaw,2012-2012,2,3,5.75,2012,2012,1
1915,RM West,2009-2009,5,3,7.47,2009,2009,1
1916,GH Worker,2010-2019,11,3,8.06,2010,2019,10
1917,AD Yadav,2010-2010,2,3,6.8,2010,2010,1
1918,B Yeswanth,2024-2024,3,3,8.31,2024,2024,1
1919,Codi Yusuf,2023-2024,5,3,9.78,2023,2024,2
1920,HH Zhimomi,2019-2024,32,3,9.0,2019,2024,6
1921,Zohaib Khan,2016-2017,8,3,8.52,2016,2017,2
1922,V Boon,2007-2007,3,2,9.6,2007,2007,1
1923,SY Veragi,2009-2009,4,2,7.5,2009,2009,1
1924,Z Sofi,2011-2016,5,2,7.35,2011,2016,6
1925,SR Mohanty,2022-2022,5,2,8.4,2022,2022,1
1926,RJ Pinto,2009-2016,11,2,9.5,2009,2016,8
1927,DS Attri,2009-2009,2,2,7.5,2009,2009,1
1928,Aayan Afzal Khan,2022-2022,3,2,4.75,2022,2022,1
1929,TB Abell,2019-2025,32,2,9.45,2019,2025,7
1930,Abid Salam,2010-2010,3,2,5.0,2010,2010,1
1931,Adil Ayub Tunda,2024-2024,5,2,12.3,2024,2024,1
1932,K Ajay Singh,2016-2016,2,2,7.0,2016,2016,1
1933,TP Allen,2016-2016,6,2,12.0,2016,2016,1
1934,Amit Kumar,2013-2013,5,2,10.88,2013,2013,1
1935,S Anand,2019-2021,9,2,7.0,2019,2021,3
1936,AG Chouhan,2022-2022,3,2,7.4,2022,2022,1
1937,Ankit Soni,2017-2017,7,2,7.92,2017,2017,1
1938,Aqib Ilyas,2021-2024,7,2,7.05,2021,2024,4
1939,MP Arjun,2007-2010,8,2,7.78,2007,2010,4
1940,Arpit Pannu,2021-2021,3,2,7.75,2021,2021,1
1941,KB Arun Karthik,2009-2024,101,2,11.0,2009,2024,16
1942,MA Ashraf,2012-2012,4,2,8.82,2012,2012,1
1943,Ashwani Kumar,2022-2024,4,2,8.5,2022,2024,3
1944,Asif Ali,2013-2024,141,2,9.0,2013,2024,12
1945,Asif Hasan,2015-2019,6,2,6.16,2015,2019,5
1946,SK Atai,2021-2021,3,2,7.0,2021,2021,1
1947,JJ Athanaze,2014-2014,3,2,9.0,2014,2014,1
1948,Ayaan Khan,2016-2024,7,2,7.8,2016,2024,9
1949,A Baloria,2009-2009,5,2,7.33,2009,2009,1
1950,KG Bam,2019-2021,6,2,9.97,2019,2021,3
1951,SJ Barman,2018-2018,4,2,7.13,2018,2018,1
1952,M Bean,2025-2025,2,2,9.62,2025,2025,1
1953,F Behardien,2012-2016,20,2,6.75,2012,2016,5
1954,K Bhagath Varma,2022-2022,5,2,5.81,2022,2022,1
1955,JB Bhattacharjee,2017-2017,3,2,8.9,2017,2017,1
1956,ND Bills,2012-2012,1,2,11.0,2012,2012,1
1957,C Bishnoi,2016-2022,50,2,7.5,2016,2022,7
1958,JG Bista,2015-2023,34,2,7.41,2015,2023,9
1959,JAR Blain,2007-2007,2,2,5.75,2007,2007,1
1960,Bobby Yadav,2019-2019,3,2,7.7,2019,2019,1
1961,UU Bose,2013-2021,43,2,8.16,2013,2021,9
1962,GB Brent,2007-2007,2,2,7.57,2007,2007,1
1963,JS Buckingham,2025-2025,3,2,9.6,2025,2025,1
1964,S Burger,2010-2010,1,2,8.25,2010,2010,1
1965,RJ Campbell,2016-2016,3,2,6.8,2016,2016,1
1966,JC Carmichael,2022-2023,8,2,9.95,2022,2023,2
1967,K Carver,2018-2018,1,2,7.25,2018,2018,1
1968,P Chamoli,2019-2019,3,2,10.65,2019,2019,1
1969,P Chandila,2016-2022,25,2,8.5,2016,2022,7
1970,V Chanwaria,2011-2014,2,2,7.0,2011,2014,4
1971,J Charles,2012-2024,197,2,11.04,2012,2024,13
1972,D Chauhan,2007-2009,4,2,7.0,2007,2009,3
1973,HM Chauhan,2024-2024,2,2,7.57,2024,2024,1
1974,PR Chauhan,2019-2022,9,2,9.71,2019,2022,4
1975,HB Chetri,2021-2024,12,2,9.85,2021,2024,4
1976,P Chopra,2014-2024,70,2,7.81,2014,2024,11
1977,RC Choudhary,2010-2011,3,2,6.71,2010,2011,2
1978,A Chouhan,2023-2024,2,2,6.75,2023,2024,2
1979,JA Clarkson,2024-2024,5,2,13.14,2024,2024,1
1980,J Coetzee,2009-2009,1,2,6.0,2009,2009,1
1981,MT Coles,2016-2016,3,2,8.3,2016,2016,1
1982,EA Crandon,2010-2010,3,2,9.8,2010,2010,1
1983,MJJ Critchley,2023-2023,6,2,9.37,2023,2023,1
1984,BJ Currie,2024-2024,2,2,4.0,2024,2024,1
1985,Sandipan Das,2014-2014,3,2,7.5,2014,2014,1
1986,Deepak Rai,2016-2016,4,2,7.2,2016,2016,1
1987,JL Denly,2013-2021,53,2,7.64,2013,2021,9
1988,N Deonarine,2010-2015,12,2,7.9,2010,2015,6
1989,A Desai,2024-2024,1,2,7.5,2024,2024,1
1990,MD Desai,2022-2022,5,2,10.18,2022,2022,1
1991,VA Deshpande,2010-2011,7,2,8.0,2010,2011,2
1992,V Dhankhar,2023-2024,12,2,8.18,2023,2024,2
1993,AJ Dibble,2011-2011,2,2,5.5,2011,2011,1
1994,GD Drummond,2009-2009,2,2,10.83,2009,2009,1
1995,CA Dry,2024-2024,5,2,7.33,2024,2024,1
1996,MW Edwards,2018-2021,3,2,9.33,2018,2021,4
1997,B Evans,2022-2022,2,2,8.14,2022,2022,1
1998,SG Fadte,2013-2018,8,2,8.63,2013,2018,6
1999,Faisal Akram,2024-2024,2,2,8.2,2024,2024,1
